{"type":"View","props":{"width":768,"mouseThrough":true,"height":1663},"compId":2,"child":[{"type":"Panel","props":{"width":704,"top":60,"height":162,"centerX":2},"compId":12,"child":[{"type":"List","props":{"width":659,"var":"hgamelist","top":22,"spaceY":10,"spaceX":8,"runtime":"moon/core/ui/extension/ListEx.ts","right":11,"repeatX":5,"left":10,"height":130,"bottom":11},"compId":4,"child":[{"type":"Box","props":{"name":"render"},"compId":7,"child":[{"type":"Image","props":{"width":128,"skin":"moon/1.png","name":"Img_Game","left":6,"height":128},"compId":6}]}]},{"type":"Image","props":{"width":684,"var":"hgamebox","skin":"moon/ad/results2/bg_frame.png","height":150,"centerY":3,"centerX":0,"sizeGrid":"30,30,30,30"},"compId":13}]},{"type":"Box","props":{"width":684,"var":"ov_native","top":44,"height":178,"centerX":12},"compId":14,"child":[{"type":"Image","props":{"top":0,"right":0,"name":"icon","left":0,"bottom":0,"alpha":0.8},"compId":15},{"type":"Image","props":{"var":"btn_close","skin":"moon/ad/results2/btn_close.png","name":"btn_close"},"compId":16},{"type":"Box","props":{"width":99,"right":0,"height":60,"bottom":0},"compId":20,"child":[{"type":"Box","props":{"top":0,"right":0,"left":0,"bottom":0,"bgColor":"#1b1b1b","alpha":0.7},"compId":21},{"type":"Label","props":{"text":"广告","fontSize":40,"color":"#ffffff","centerY":0,"centerX":0,"bold":true,"alpha":0.8},"compId":19}]}]},{"type":"Box","props":{"width":128,"var":"ov_native2","top":500,"left":580,"height":128},"compId":22,"child":[{"type":"Image","props":{"top":0,"right":0,"name":"icon","left":0,"bottom":0,"alpha":0.8},"compId":23},{"type":"Box","props":{"width":87,"var":"ov_native_close","top":-30,"right":41,"height":30},"compId":25,"child":[{"type":"Box","props":{"top":0,"right":0,"left":-3,"bottom":0,"bgColor":"#1b1b1b","alpha":0.7},"compId":26},{"type":"Label","props":{"text":"广告 X","fontSize":30,"color":"#ffffff","centerY":0,"centerX":0,"bold":true,"alpha":0.8},"compId":27}]}]}],"loadList":["moon/1.png","moon/ad/results2/bg_frame.png","moon/ad/results2/btn_close.png"],"loadList3D":[]}