{"res/atlas/gongyong.atlas":["gongyong/",["1.png","2.png","ad.png","bg_hd_02.png","btmdi1.png","btn-entrance-nogift.png","btn_hd_01.png","btn_hub_shop.png","btn_hud_wuqi.png","btn_shengyin.png","btn_shengyin_guanbi.png","com_btn_b.png","common_bg.png","common_jb_bg.png","end_back.png","end_bar_base.png","end_bar_top.png","end_button1.png","end_button3.png","end_button4.png","end_motor.png","end_pk.png","end_rank.png","end_suc_line.png","end_x3.png","end_xin.png","game_bar_base.png","game_bar_base1.png","game_bar_base3.png","game_bar_top.png","game_bar_top2.png","game_bossbar_base.png","game_bossbar_top.png","game_bossbar_top1.png","game_coin.png","game_coin1.png","game_hp_base.png","game_hp_top.png","game_video1.png","game_video2.png","guide_base.png","guide_hand.png","guide_remind.png","home_ad.png","home_ads.png","home_levelboss.png","hud_icon_1.png","hud_icon_2.png","hud_map_bg.png","img_hub_start.png","img_sd_03.png","img_sy_04.png","img_sy_05.png","jinpingtuij.png","mission_close.png","pro_sub$bar.png","pro_sub.png","progress_1$bar.png","progress_1.png","progress_2$bar.png","progress_2.png","progress_3$bar.png","progress_3.png","remind_coin.png","rocket.png","shoucang.png","shuzi.png","sign_coin1.png","sign_coin2.png","st_1.png","st_2.png","st_3.png","st_d1.png","st_d2.png","st_d3.png","store_arms1.png","store_arms2.png","store_arms3.png","store_arms4.png","store_arms5.png","store_arms6.png","store_arms7.png","store_arms8.png","store_base.png","store_button2.png","store_button3.png","store_button4.png","store_choose.png","store_head.png","store_lock.png","store_moto.png","store_motor1.png","store_motor2.png","store_motor3.png","store_motor4.png","store_motor5.png","store_motor6.png","store_motor7.png","store_motor8.png","store_page_base.png","store_page_top.png","store_wuqi.png","touxiangdi.png","trial_light.png","trial_recommend.png","try_guang.png","try_moto.png","try_tuijian.png","try_wuqi.png","yingdaodian.png","zaijiazhong.png","zaizaidi.png","ztuij.png"]],"res/atlas/moon/ad/gamebox.atlas":["moon/ad/gamebox/",["bg_start.png","bg_title.png","close.png","img_bg1.png","img_bg2.png","img_bg3.png"]],"res/atlas/moon/ad/icon.atlas":["moon/ad/icon/",["bg_bubble.png","bg_bubble_down.png","bg_bubble_up.png"]],"res/atlas/moon/ad/results.atlas":["moon/ad/results/",["bg_start.png","common_btn1.png","img_friend.png","img_push.png"]],"res/atlas/moon/ad/results2.atlas":["moon/ad/results2/",["bg_frame.png","btn_close.png"]],"res/atlas/moon.atlas":["moon/",["1.png","2.png","gamebox.png","video1.png","video2.png","video3.png"]]}