{
  "Guide.json": "Guide-79db99fdd9.json",
  "HudView.json": "HudView-5f784aad03.json",
  "LoadingView.json": "LoadingView-3732d06529.json",
  "ReLiveView.json": "ReLiveView-1649f534ad.json",
  "Reward.json": "Reward-de2f575fe1.json",
  "Waiting.json": "Waiting-fbd1763d6c.json",
  "box/CoinItem.json": "box/CoinItem-1775629565.json",
  "box/PifuBox.json": "box/PifuBox-944a3a8fe9.json",
  "box/RankBox.json": "box/RankBox-c4c801907f.json",
  "box/jindu.json": "box/jindu-a1a2c6a45b.json",
  "box/jindu1.json": "box/jindu1-bff394a545.json",
  "box/jindu11.json": "box/jindu11-534c2e89e1.json",
  "config.json": "config-aaa50fe5b6.json",
  "data/mapdata.txt": "data/mapdata-41a2580994.txt",
  "downloadapp.json": "downloadapp-e5ed66cf05.json",
  "fileconfig.json": "fileconfig-5712218bee.json",
  "gongyong/end_base.png": "gongyong/end_base-4085547675.png",
  "gongyong/end_fail_title.png": "gongyong/end_fail_title-e20da81ebf.png",
  "gongyong/end_suc_title.png": "gongyong/end_suc_title-ae37dce0a1.png",
  "gongyong/game.js": "gongyong/game-d41d8cd98f.js",
  "gongyong/img_gold_title.png": "gongyong/img_gold_title-6c9b293fcc.png",
  "gongyong/img_js_10.png": "gongyong/img_js_10-aa33b3c95e.png",
  "gongyong/jld_2.png": "gongyong/jld_2-4b83c1478e.png",
  "gongyong/main.js": "gongyong/main-d41d8cd98f.js",
  "gongyong/store_bg.png": "gongyong/store_bg-2443ff90b8.png",
  "gongyong/store_bg_1.png": "gongyong/store_bg_1-a91e01db1e.png",
  "gongyong/xiaojiemian.png": "gongyong/xiaojiemian-ff6b282847.png",
  "index.js": "index-be0f779b5c.js",
  "jiesuan_boss.json": "jiesuan_boss-4b5f0839ab.json",
  "jiesuan_boss_win.json": "jiesuan_boss_win-e56dd18c50.json",
  "jiesuan_jinbi_win.json": "jiesuan_jinbi_win-b098cebf31.json",
  "js/bundle.js": "js/bundle-3c5f549957.js",
  "libs/laya.core.js": "libs/laya-e4bbfbb7a0.core.js",
  "libs/laya.d3.js": "libs/laya-10d122ef07.d3.js",
  "libs/laya.physics3D.js": "libs/laya-06f7b672c6.physics3D.js",
  "libs/laya.physics3D.runtime.js": "libs/laya-abf594925b.physics3D.runtime.js",
  "libs/laya.ui.js": "libs/laya-de8bb96876.ui.js",
  "minigame-config.json": "minigame-config-54a4c3ed31.json",
  "minigame.json": "minigame-60265b7328.json",
  "moon/ad/gamebox/img_side.png": "moon/ad/gamebox/img_side-643aa00d05.png",
  "moon/game.js": "moon/game-d41d8cd98f.js",
  "res/atlas/gongyong.atlas": "res/atlas/gongyong-bf4ca81428.atlas",
  "res/atlas/gongyong.png": "res/atlas/gongyong-8d1a2134e7.png",
  "res/atlas/moon.atlas": "res/atlas/moon-48513e7616.atlas",
  "res/atlas/moon.png": "res/atlas/moon-3dfdde8441.png",
  "res/atlas/moon/ad/gamebox.atlas": "res/atlas/moon/ad/gamebox-fe228fec3b.atlas",
  "res/atlas/moon/ad/gamebox.png": "res/atlas/moon/ad/gamebox-872bd51cb9.png",
  "res/atlas/moon/ad/icon.atlas": "res/atlas/moon/ad/icon-baf28ba670.atlas",
  "res/atlas/moon/ad/icon.png": "res/atlas/moon/ad/icon-759cebbbaf.png",
  "res/atlas/moon/ad/results.atlas": "res/atlas/moon/ad/results-572a45a7f0.atlas",
  "res/atlas/moon/ad/results.png": "res/atlas/moon/ad/results-9b78572042.png",
  "res/atlas/moon/ad/results2.atlas": "res/atlas/moon/ad/results2-265d7fae47.atlas",
  "res/atlas/moon/ad/results2.png": "res/atlas/moon/ad/results2-372cd3f692.png",
  "res/game.js": "res/game-d41d8cd98f.js",
  "res/main.js": "res/main-d41d8cd98f.js",
  "scenes/Conventional/Assets/Game/Resources/Effect/FX/FxExternalFlame.lmat": "scenes/Conventional/Assets/Game/Resources/Effect/FX/FxExternalFlame-460e1bf1b0.lmat",
  "scenes/Conventional/Assets/Game/Resources/Effect/FX/fire_002.png": "scenes/Conventional/Assets/Game/Resources/Effect/FX/fire_002-0a6f91ad87.png",
  "scenes/Conventional/Assets/Game/Resources/Effect/FX/glow_red.jpg": "scenes/Conventional/Assets/Game/Resources/Effect/FX/glow_red-74033d2754.jpg",
  "scenes/Conventional/Assets/Game/Resources/Effect/FX/glow_red.lmat": "scenes/Conventional/Assets/Game/Resources/Effect/FX/glow_red-d788f39ef5.lmat",
  "scenes/Conventional/Assets/Game/Resources/Effect/FX/huoyan_001.lmat": "scenes/Conventional/Assets/Game/Resources/Effect/FX/huoyan_001-0d302f132b.lmat",
  "scenes/Conventional/Assets/Game/Resources/Effect/FX/huoyan_002.lmat": "scenes/Conventional/Assets/Game/Resources/Effect/FX/huoyan_002-d3048f5c00.lmat",
  "scenes/Conventional/Assets/Game/Resources/Effect/ITO/FBX/Cylinder001-Cylinder001.lm": "scenes/Conventional/Assets/Game/Resources/Effect/ITO/FBX/Cylinder001-Cylinder001-d47544a788.lm",
  "scenes/Conventional/Assets/Game/Resources/Effect/ITO/FBX/Cylinder_007-Cylinder007.lm": "scenes/Conventional/Assets/Game/Resources/Effect/ITO/FBX/Cylinder_007-Cylinder007-99d91cbe91.lm",
  "scenes/Conventional/Assets/Game/Resources/Effect/ITO/FBX/banqiu02-banqiu02.lm": "scenes/Conventional/Assets/Game/Resources/Effect/ITO/FBX/banqiu02-banqiu02-938692df4b.lm",
  "scenes/Conventional/Assets/Game/Resources/Effect/ITO/FBX/grenade-grenade.lm": "scenes/Conventional/Assets/Game/Resources/Effect/ITO/FBX/grenade-grenade-ec9e4ac18d.lm",
  "scenes/Conventional/Assets/Game/Resources/Effect/ITO/Materials/Pa_Ran_SpaD_Smoke02A.lmat": "scenes/Conventional/Assets/Game/Resources/Effect/ITO/Materials/Pa_Ran_SpaD_Smoke02A-315212f5b8.lmat",
  "scenes/Conventional/Assets/Game/Resources/Effect/ITO/Materials/Smoke.lmat": "scenes/Conventional/Assets/Game/Resources/Effect/ITO/Materials/Smoke-af6738e792.lmat",
  "scenes/Conventional/Assets/Game/Resources/Effect/ITO/Materials/c_ring311a.lmat": "scenes/Conventional/Assets/Game/Resources/Effect/ITO/Materials/c_ring311a-c4c9ea0fb1.lmat",
  "scenes/Conventional/Assets/Game/Resources/Effect/ITO/Materials/cartoonSmoke_alphaBlend.lmat": "scenes/Conventional/Assets/Game/Resources/Effect/ITO/Materials/cartoonSmoke_alphaBlend-210ab75bc9.lmat",
  "scenes/Conventional/Assets/Game/Resources/Effect/ITO/Materials/clouds_1a.lmat": "scenes/Conventional/Assets/Game/Resources/Effect/ITO/Materials/clouds_1a-9e8f4b1af9.lmat",
  "scenes/Conventional/Assets/Game/Resources/Effect/ITO/Materials/cmn_guard02.lmat": "scenes/Conventional/Assets/Game/Resources/Effect/ITO/Materials/cmn_guard02-ba94e1f09d.lmat",
  "scenes/Conventional/Assets/Game/Resources/Effect/ITO/Materials/fire.lmat": "scenes/Conventional/Assets/Game/Resources/Effect/ITO/Materials/fire-6f329ca3b1.lmat",
  "scenes/Conventional/Assets/Game/Resources/Effect/ITO/Materials/fire_1005.lmat": "scenes/Conventional/Assets/Game/Resources/Effect/ITO/Materials/fire_1005-d29a9cc6d1.lmat",
  "scenes/Conventional/Assets/Game/Resources/Effect/ITO/Materials/fire_1006.lmat": "scenes/Conventional/Assets/Game/Resources/Effect/ITO/Materials/fire_1006-750202bfdf.lmat",
  "scenes/Conventional/Assets/Game/Resources/Effect/ITO/Materials/fire_1006_blended.lmat": "scenes/Conventional/Assets/Game/Resources/Effect/ITO/Materials/fire_1006_blended-34b1611398.lmat",
  "scenes/Conventional/Assets/Game/Resources/Effect/ITO/Materials/fire_11.lmat": "scenes/Conventional/Assets/Game/Resources/Effect/ITO/Materials/fire_11-c4d8c6b566.lmat",
  "scenes/Conventional/Assets/Game/Resources/Effect/ITO/Materials/fire_glow.lmat": "scenes/Conventional/Assets/Game/Resources/Effect/ITO/Materials/fire_glow-7c636a06b6.lmat",
  "scenes/Conventional/Assets/Game/Resources/Effect/ITO/Materials/g5.lmat": "scenes/Conventional/Assets/Game/Resources/Effect/ITO/Materials/g5-0974061e19.lmat",
  "scenes/Conventional/Assets/Game/Resources/Effect/ITO/Materials/g5_1.lmat": "scenes/Conventional/Assets/Game/Resources/Effect/ITO/Materials/g5_1-e1b553abab.lmat",
  "scenes/Conventional/Assets/Game/Resources/Effect/ITO/Materials/glow017.lmat": "scenes/Conventional/Assets/Game/Resources/Effect/ITO/Materials/glow017-8f2ffacfcd.lmat",
  "scenes/Conventional/Assets/Game/Resources/Effect/ITO/Materials/grenade.lmat": "scenes/Conventional/Assets/Game/Resources/Effect/ITO/Materials/grenade-278be01106.lmat",
  "scenes/Conventional/Assets/Game/Resources/Effect/ITO/Materials/light0087.lmat": "scenes/Conventional/Assets/Game/Resources/Effect/ITO/Materials/light0087-548ab9d4f5.lmat",
  "scenes/Conventional/Assets/Game/Resources/Effect/ITO/Materials/parts_sheet.lmat": "scenes/Conventional/Assets/Game/Resources/Effect/ITO/Materials/parts_sheet-9612ae2582.lmat",
  "scenes/Conventional/Assets/Game/Resources/Effect/ITO/Materials/path_0020.lmat": "scenes/Conventional/Assets/Game/Resources/Effect/ITO/Materials/path_0020-5d188e0c5c.lmat",
  "scenes/Conventional/Assets/Game/Resources/Effect/ITO/Materials/pixel_additive.lmat": "scenes/Conventional/Assets/Game/Resources/Effect/ITO/Materials/pixel_additive-0c82660dc5.lmat",
  "scenes/Conventional/Assets/Game/Resources/Effect/ITO/Materials/ray_18_blue.lmat": "scenes/Conventional/Assets/Game/Resources/Effect/ITO/Materials/ray_18_blue-ecd79658dc.lmat",
  "scenes/Conventional/Assets/Game/Resources/Effect/ITO/Materials/red_whr.lmat": "scenes/Conventional/Assets/Game/Resources/Effect/ITO/Materials/red_whr-324c692296.lmat",
  "scenes/Conventional/Assets/Game/Resources/Effect/ITO/Materials/sk_guangmang05.lmat": "scenes/Conventional/Assets/Game/Resources/Effect/ITO/Materials/sk_guangmang05-63b5b34c0d.lmat",
  "scenes/Conventional/Assets/Game/Resources/Effect/ITO/Materials/sk_guangmang05_blended.lmat": "scenes/Conventional/Assets/Game/Resources/Effect/ITO/Materials/sk_guangmang05_blended-7a5f2e0839.lmat",
  "scenes/Conventional/Assets/Game/Resources/Effect/ITO/Materials/sk_guangzhu_01_uv.lmat": "scenes/Conventional/Assets/Game/Resources/Effect/ITO/Materials/sk_guangzhu_01_uv-ddf84d0fbc.lmat",
  "scenes/Conventional/Assets/Game/Resources/Effect/ITO/Materials/sk_impact_001.lmat": "scenes/Conventional/Assets/Game/Resources/Effect/ITO/Materials/sk_impact_001-603ef3f85e.lmat",
  "scenes/Conventional/Assets/Game/Resources/Effect/ITO/Materials/smoke_06_whr.lmat": "scenes/Conventional/Assets/Game/Resources/Effect/ITO/Materials/smoke_06_whr-5d9405fab8.lmat",
  "scenes/Conventional/Assets/Game/Resources/Effect/ITO/Materials/smoke_xulie_4x4_1.lmat": "scenes/Conventional/Assets/Game/Resources/Effect/ITO/Materials/smoke_xulie_4x4_1-c62caa7b7b.lmat",
  "scenes/Conventional/Assets/Game/Resources/Effect/ITO/Materials/star_1412.lmat": "scenes/Conventional/Assets/Game/Resources/Effect/ITO/Materials/star_1412-6b59562b04.lmat",
  "scenes/Conventional/Assets/Game/Resources/Effect/ITO/Materials/trl_507-tz_2.lmat": "scenes/Conventional/Assets/Game/Resources/Effect/ITO/Materials/trl_507-tz_2-98fa8442b8.lmat",
  "scenes/Conventional/Assets/Game/Resources/Effect/ITO/Materials/white.lmat": "scenes/Conventional/Assets/Game/Resources/Effect/ITO/Materials/white-b168d060fd.lmat",
  "scenes/Conventional/Assets/Game/Resources/Effect/ITO/Textures/Bomb.jpg": "scenes/Conventional/Assets/Game/Resources/Effect/ITO/Textures/Bomb-307ae94be3.jpg",
  "scenes/Conventional/Assets/Game/Resources/Effect/ITO/Textures/Pa_Ran_SpaD_Smoke02A.png": "scenes/Conventional/Assets/Game/Resources/Effect/ITO/Textures/Pa_Ran_SpaD_Smoke02A-3a0df83138.png",
  "scenes/Conventional/Assets/Game/Resources/Effect/ITO/Textures/c_ring311a.png": "scenes/Conventional/Assets/Game/Resources/Effect/ITO/Textures/c_ring311a-90b53fbeaa.png",
  "scenes/Conventional/Assets/Game/Resources/Effect/ITO/Textures/cloud_soft.png": "scenes/Conventional/Assets/Game/Resources/Effect/ITO/Textures/cloud_soft-9aed3d4111.png",
  "scenes/Conventional/Assets/Game/Resources/Effect/ITO/Textures/cmn_guard02.png": "scenes/Conventional/Assets/Game/Resources/Effect/ITO/Textures/cmn_guard02-ff20a48f60.png",
  "scenes/Conventional/Assets/Game/Resources/Effect/ITO/Textures/fire.png": "scenes/Conventional/Assets/Game/Resources/Effect/ITO/Textures/fire-f7dfab948c.png",
  "scenes/Conventional/Assets/Game/Resources/Effect/ITO/Textures/fire_1006.png": "scenes/Conventional/Assets/Game/Resources/Effect/ITO/Textures/fire_1006-31e2e3a166.png",
  "scenes/Conventional/Assets/Game/Resources/Effect/ITO/Textures/fire_11.png": "scenes/Conventional/Assets/Game/Resources/Effect/ITO/Textures/fire_11-40cc337aa7.png",
  "scenes/Conventional/Assets/Game/Resources/Effect/ITO/Textures/g5.png": "scenes/Conventional/Assets/Game/Resources/Effect/ITO/Textures/g5-22e0999c59.png",
  "scenes/Conventional/Assets/Game/Resources/Effect/ITO/Textures/glow017.png": "scenes/Conventional/Assets/Game/Resources/Effect/ITO/Textures/glow017-279beb0bf6.png",
  "scenes/Conventional/Assets/Game/Resources/Effect/ITO/Textures/light0087.png": "scenes/Conventional/Assets/Game/Resources/Effect/ITO/Textures/light0087-4248050644.png",
  "scenes/Conventional/Assets/Game/Resources/Effect/ITO/Textures/lighting/clouds_1.png": "scenes/Conventional/Assets/Game/Resources/Effect/ITO/Textures/lighting/clouds_1-598533f79f.png",
  "scenes/Conventional/Assets/Game/Resources/Effect/ITO/Textures/parts_sheet.png": "scenes/Conventional/Assets/Game/Resources/Effect/ITO/Textures/parts_sheet-a8f80c614a.png",
  "scenes/Conventional/Assets/Game/Resources/Effect/ITO/Textures/path_0020.png": "scenes/Conventional/Assets/Game/Resources/Effect/ITO/Textures/path_0020-bc0b10fdb0.png",
  "scenes/Conventional/Assets/Game/Resources/Effect/ITO/Textures/pixel.jpg": "scenes/Conventional/Assets/Game/Resources/Effect/ITO/Textures/pixel-dddd284f1b.jpg",
  "scenes/Conventional/Assets/Game/Resources/Effect/ITO/Textures/ray_18_blue.png": "scenes/Conventional/Assets/Game/Resources/Effect/ITO/Textures/ray_18_blue-54c440144e.png",
  "scenes/Conventional/Assets/Game/Resources/Effect/ITO/Textures/red_whr.png": "scenes/Conventional/Assets/Game/Resources/Effect/ITO/Textures/red_whr-b398836ff9.png",
  "scenes/Conventional/Assets/Game/Resources/Effect/ITO/Textures/sk_guangmang05.png": "scenes/Conventional/Assets/Game/Resources/Effect/ITO/Textures/sk_guangmang05-76f67c6cc0.png",
  "scenes/Conventional/Assets/Game/Resources/Effect/ITO/Textures/sk_guangzhu_01_uv.png": "scenes/Conventional/Assets/Game/Resources/Effect/ITO/Textures/sk_guangzhu_01_uv-c738816f7a.png",
  "scenes/Conventional/Assets/Game/Resources/Effect/ITO/Textures/sk_impact_001.png": "scenes/Conventional/Assets/Game/Resources/Effect/ITO/Textures/sk_impact_001-29c5c38caa.png",
  "scenes/Conventional/Assets/Game/Resources/Effect/ITO/Textures/smoke_06_whr.png": "scenes/Conventional/Assets/Game/Resources/Effect/ITO/Textures/smoke_06_whr-c9c77aa295.png",
  "scenes/Conventional/Assets/Game/Resources/Effect/ITO/Textures/smoke_d.png": "scenes/Conventional/Assets/Game/Resources/Effect/ITO/Textures/smoke_d-eac2f3c3a1.png",
  "scenes/Conventional/Assets/Game/Resources/Effect/ITO/Textures/smoke_xulie_4x4_1.png": "scenes/Conventional/Assets/Game/Resources/Effect/ITO/Textures/smoke_xulie_4x4_1-c55ab53357.png",
  "scenes/Conventional/Assets/Game/Resources/Effect/ITO/Textures/smoke_yd_01.png": "scenes/Conventional/Assets/Game/Resources/Effect/ITO/Textures/smoke_yd_01-8dc04d6de7.png",
  "scenes/Conventional/Assets/Game/Resources/Effect/ITO/Textures/star_1412.jpg": "scenes/Conventional/Assets/Game/Resources/Effect/ITO/Textures/star_1412-1e76384380.jpg",
  "scenes/Conventional/Assets/Game/Resources/Effect/ITO/Textures/trl_507-tz_2.jpg": "scenes/Conventional/Assets/Game/Resources/Effect/ITO/Textures/trl_507-tz_2-7de1bc5e23.jpg",
  "scenes/Conventional/Assets/Game/Resources/Effect/ITO/Textures/white.jpg": "scenes/Conventional/Assets/Game/Resources/Effect/ITO/Textures/white-61ff462edc.jpg",
  "scenes/Conventional/Assets/Game/Resources/Effect/TireTrace/tirematerial.lmat": "scenes/Conventional/Assets/Game/Resources/Effect/TireTrace/tirematerial-7499df5487.lmat",
  "scenes/Conventional/Assets/Game/Resources/Effect/main.js": "scenes/Conventional/Assets/Game/Resources/Effect/main-d41d8cd98f.js",
  "scenes/Conventional/Assets/Game/Resources/Entities/Boss/Material/boss01.lmat": "scenes/Conventional/Assets/Game/Resources/Entities/Boss/Material/boss01-b07018eaf7.lmat",
  "scenes/Conventional/Assets/Game/Resources/Entities/Boss/Model/boss01-FL.lm": "scenes/Conventional/Assets/Game/Resources/Entities/Boss/Model/boss01-FL-d1880ce3ab.lm",
  "scenes/Conventional/Assets/Game/Resources/Entities/Boss/Model/boss01-FR.lm": "scenes/Conventional/Assets/Game/Resources/Entities/Boss/Model/boss01-FR-8f279605d5.lm",
  "scenes/Conventional/Assets/Game/Resources/Entities/Boss/Model/boss01-RL.lm": "scenes/Conventional/Assets/Game/Resources/Entities/Boss/Model/boss01-RL-0fd4e8b2a1.lm",
  "scenes/Conventional/Assets/Game/Resources/Entities/Boss/Model/boss01-RR.lm": "scenes/Conventional/Assets/Game/Resources/Entities/Boss/Model/boss01-RR-0582d03adb.lm",
  "scenes/Conventional/Assets/Game/Resources/Entities/Boss/Model/boss01-body.lm": "scenes/Conventional/Assets/Game/Resources/Entities/Boss/Model/boss01-body-787e16cebb.lm",
  "scenes/Conventional/Assets/Game/Resources/Entities/Boss/Model/boss01-cannon.lm": "scenes/Conventional/Assets/Game/Resources/Entities/Boss/Model/boss01-cannon-f568350e14.lm",
  "scenes/Conventional/Assets/Game/Resources/Entities/Boss/Texture/boss01.jpg": "scenes/Conventional/Assets/Game/Resources/Entities/Boss/Texture/boss01-722fc59a63.jpg",
  "scenes/Conventional/Assets/Game/Resources/Entities/Dress/Hat/Material/hat01.lmat": "scenes/Conventional/Assets/Game/Resources/Entities/Dress/Hat/Material/hat01-5b02de1ad7.lmat",
  "scenes/Conventional/Assets/Game/Resources/Entities/Dress/Hat/Material/hat02.lmat": "scenes/Conventional/Assets/Game/Resources/Entities/Dress/Hat/Material/hat02-3bf8431960.lmat",
  "scenes/Conventional/Assets/Game/Resources/Entities/Dress/Hat/Material/hat03.lmat": "scenes/Conventional/Assets/Game/Resources/Entities/Dress/Hat/Material/hat03-ede34a7860.lmat",
  "scenes/Conventional/Assets/Game/Resources/Entities/Dress/Hat/Material/hat04.lmat": "scenes/Conventional/Assets/Game/Resources/Entities/Dress/Hat/Material/hat04-c9cc4376eb.lmat",
  "scenes/Conventional/Assets/Game/Resources/Entities/Dress/Hat/Material/hat05.lmat": "scenes/Conventional/Assets/Game/Resources/Entities/Dress/Hat/Material/hat05-9c7453698f.lmat",
  "scenes/Conventional/Assets/Game/Resources/Entities/Dress/Hat/Material/hat06.lmat": "scenes/Conventional/Assets/Game/Resources/Entities/Dress/Hat/Material/hat06-4c5c79b8bc.lmat",
  "scenes/Conventional/Assets/Game/Resources/Entities/Dress/Hat/Material/hat07.lmat": "scenes/Conventional/Assets/Game/Resources/Entities/Dress/Hat/Material/hat07-deec9ca9dd.lmat",
  "scenes/Conventional/Assets/Game/Resources/Entities/Dress/Hat/Material/hat08.lmat": "scenes/Conventional/Assets/Game/Resources/Entities/Dress/Hat/Material/hat08-c96d6d4f7b.lmat",
  "scenes/Conventional/Assets/Game/Resources/Entities/Dress/Hat/Model/hat01-helmet.lm": "scenes/Conventional/Assets/Game/Resources/Entities/Dress/Hat/Model/hat01-helmet-d83abc1f90.lm",
  "scenes/Conventional/Assets/Game/Resources/Entities/Dress/Hat/Texture/hat01.png": "scenes/Conventional/Assets/Game/Resources/Entities/Dress/Hat/Texture/hat01-87f50321c0.png",
  "scenes/Conventional/Assets/Game/Resources/Entities/Dress/Hat/Texture/hat02.png": "scenes/Conventional/Assets/Game/Resources/Entities/Dress/Hat/Texture/hat02-2890dc4f64.png",
  "scenes/Conventional/Assets/Game/Resources/Entities/Dress/Hat/Texture/hat03.png": "scenes/Conventional/Assets/Game/Resources/Entities/Dress/Hat/Texture/hat03-b3da34cff1.png",
  "scenes/Conventional/Assets/Game/Resources/Entities/Dress/Hat/Texture/hat04.png": "scenes/Conventional/Assets/Game/Resources/Entities/Dress/Hat/Texture/hat04-3dd74093ab.png",
  "scenes/Conventional/Assets/Game/Resources/Entities/Dress/Hat/Texture/hat05.png": "scenes/Conventional/Assets/Game/Resources/Entities/Dress/Hat/Texture/hat05-8d1a110c2d.png",
  "scenes/Conventional/Assets/Game/Resources/Entities/Dress/Hat/Texture/hat06.png": "scenes/Conventional/Assets/Game/Resources/Entities/Dress/Hat/Texture/hat06-09559a98f9.png",
  "scenes/Conventional/Assets/Game/Resources/Entities/Dress/Hat/Texture/hat07.png": "scenes/Conventional/Assets/Game/Resources/Entities/Dress/Hat/Texture/hat07-b71c47a10f.png",
  "scenes/Conventional/Assets/Game/Resources/Entities/Dress/Hat/Texture/hat08.png": "scenes/Conventional/Assets/Game/Resources/Entities/Dress/Hat/Texture/hat08-6096a99235.png",
  "scenes/Conventional/Assets/Game/Resources/Entities/Dress/Suit/suit01.png": "scenes/Conventional/Assets/Game/Resources/Entities/Dress/Suit/suit01-c4d54306d9.png",
  "scenes/Conventional/Assets/Game/Resources/Entities/Dress/Suit/suit02.png": "scenes/Conventional/Assets/Game/Resources/Entities/Dress/Suit/suit02-a56e757115.png",
  "scenes/Conventional/Assets/Game/Resources/Entities/Dress/Suit/suit03.png": "scenes/Conventional/Assets/Game/Resources/Entities/Dress/Suit/suit03-401efaba07.png",
  "scenes/Conventional/Assets/Game/Resources/Entities/Dress/Suit/suit04.png": "scenes/Conventional/Assets/Game/Resources/Entities/Dress/Suit/suit04-275bb61c4d.png",
  "scenes/Conventional/Assets/Game/Resources/Entities/Dress/Suit/suit05.png": "scenes/Conventional/Assets/Game/Resources/Entities/Dress/Suit/suit05-f6e32d8ee8.png",
  "scenes/Conventional/Assets/Game/Resources/Entities/Dress/Suit/suit06.png": "scenes/Conventional/Assets/Game/Resources/Entities/Dress/Suit/suit06-77d50c51eb.png",
  "scenes/Conventional/Assets/Game/Resources/Entities/Dress/Suit/suit07.png": "scenes/Conventional/Assets/Game/Resources/Entities/Dress/Suit/suit07-cb478ffb65.png",
  "scenes/Conventional/Assets/Game/Resources/Entities/Dress/Suit/suit08.png": "scenes/Conventional/Assets/Game/Resources/Entities/Dress/Suit/suit08-71e964992a.png",
  "scenes/Conventional/Assets/Game/Resources/Entities/Dress/Weapon/Material/Weapon.lmat": "scenes/Conventional/Assets/Game/Resources/Entities/Dress/Weapon/Material/Weapon-1a62685f04.lmat",
  "scenes/Conventional/Assets/Game/Resources/Entities/Dress/Weapon/Model/weapon01-bazooka.lm": "scenes/Conventional/Assets/Game/Resources/Entities/Dress/Weapon/Model/weapon01-bazooka-4cda7efc77.lm",
  "scenes/Conventional/Assets/Game/Resources/Entities/Dress/Weapon/Model/weapon01-warhead.lm": "scenes/Conventional/Assets/Game/Resources/Entities/Dress/Weapon/Model/weapon01-warhead-f9704f1f79.lm",
  "scenes/Conventional/Assets/Game/Resources/Entities/Dress/Weapon/Model/weapon02-weapon09.lm": "scenes/Conventional/Assets/Game/Resources/Entities/Dress/Weapon/Model/weapon02-weapon09-b56d5735ea.lm",
  "scenes/Conventional/Assets/Game/Resources/Entities/Dress/Weapon/Model/weapon03-weapon03.lm": "scenes/Conventional/Assets/Game/Resources/Entities/Dress/Weapon/Model/weapon03-weapon03-e6a34f7b14.lm",
  "scenes/Conventional/Assets/Game/Resources/Entities/Dress/Weapon/Model/weapon03-weapon06.lm": "scenes/Conventional/Assets/Game/Resources/Entities/Dress/Weapon/Model/weapon03-weapon06-643c30a1cb.lm",
  "scenes/Conventional/Assets/Game/Resources/Entities/Dress/Weapon/Model/weapon04-weapon06.lm": "scenes/Conventional/Assets/Game/Resources/Entities/Dress/Weapon/Model/weapon04-weapon06-89f4ea952d.lm",
  "scenes/Conventional/Assets/Game/Resources/Entities/Dress/Weapon/Model/weapon05-weapon03.lm": "scenes/Conventional/Assets/Game/Resources/Entities/Dress/Weapon/Model/weapon05-weapon03-2a9e003819.lm",
  "scenes/Conventional/Assets/Game/Resources/Entities/Dress/Weapon/Model/weapon06-weapon06.lm": "scenes/Conventional/Assets/Game/Resources/Entities/Dress/Weapon/Model/weapon06-weapon06-9bf294e9f5.lm",
  "scenes/Conventional/Assets/Game/Resources/Entities/Dress/Weapon/Model/weapon07-weapon06.lm": "scenes/Conventional/Assets/Game/Resources/Entities/Dress/Weapon/Model/weapon07-weapon06-5f142d5dba.lm",
  "scenes/Conventional/Assets/Game/Resources/Entities/Dress/Weapon/Model/weapon08-weapon06.lm": "scenes/Conventional/Assets/Game/Resources/Entities/Dress/Weapon/Model/weapon08-weapon06-4d8ea135ea.lm",
  "scenes/Conventional/Assets/Game/Resources/Entities/Dress/Weapon/Model/weapon09-weapon03.lm": "scenes/Conventional/Assets/Game/Resources/Entities/Dress/Weapon/Model/weapon09-weapon03-5f842661ce.lm",
  "scenes/Conventional/Assets/Game/Resources/Entities/Dress/Weapon/Model/weapon09-weapon09.lm": "scenes/Conventional/Assets/Game/Resources/Entities/Dress/Weapon/Model/weapon09-weapon09-23518aa99c.lm",
  "scenes/Conventional/Assets/Game/Resources/Entities/Dress/Weapon/Texture/Weapon.jpg": "scenes/Conventional/Assets/Game/Resources/Entities/Dress/Weapon/Texture/Weapon-a5896aae55.jpg",
  "scenes/Conventional/Assets/Game/Resources/Entities/Dress/main.js": "scenes/Conventional/Assets/Game/Resources/Entities/Dress/main-d41d8cd98f.js",
  "scenes/Conventional/Assets/Game/Resources/Entities/Information/Material/crown.lmat": "scenes/Conventional/Assets/Game/Resources/Entities/Information/Material/crown-4ac1b3e196.lmat",
  "scenes/Conventional/Assets/Game/Resources/Entities/Information/Material/emoji.lmat": "scenes/Conventional/Assets/Game/Resources/Entities/Information/Material/emoji-07ca972ca1.lmat",
  "scenes/Conventional/Assets/Game/Resources/Entities/Information/Material/rank.lmat": "scenes/Conventional/Assets/Game/Resources/Entities/Information/Material/rank-938009b582.lmat",
  "scenes/Conventional/Assets/Game/Resources/Entities/Information/Model/Plane02-Plane02.lm": "scenes/Conventional/Assets/Game/Resources/Entities/Information/Model/Plane02-Plane02-aee2d2812a.lm",
  "scenes/Conventional/Assets/Game/Resources/Entities/Information/Model/crown-crown.lm": "scenes/Conventional/Assets/Game/Resources/Entities/Information/Model/crown-crown-14249b2ce7.lm",
  "scenes/Conventional/Assets/Game/Resources/Entities/Information/Texture/2.png": "scenes/Conventional/Assets/Game/Resources/Entities/Information/Texture/2-68a0064e8a.png",
  "scenes/Conventional/Assets/Game/Resources/Entities/Information/Texture/crown.jpg": "scenes/Conventional/Assets/Game/Resources/Entities/Information/Texture/crown-bc332b88e1.jpg",
  "scenes/Conventional/Assets/Game/Resources/Entities/Information/Texture/emoji0.png": "scenes/Conventional/Assets/Game/Resources/Entities/Information/Texture/emoji0-200c21ef35.png",
  "scenes/Conventional/Assets/Game/Resources/Entities/Information/Texture/emoji1.png": "scenes/Conventional/Assets/Game/Resources/Entities/Information/Texture/emoji1-ae532f8623.png",
  "scenes/Conventional/Assets/Game/Resources/Entities/Information/Texture/emoji10.png": "scenes/Conventional/Assets/Game/Resources/Entities/Information/Texture/emoji10-26c904bdfe.png",
  "scenes/Conventional/Assets/Game/Resources/Entities/Information/Texture/emoji11.png": "scenes/Conventional/Assets/Game/Resources/Entities/Information/Texture/emoji11-6f71068747.png",
  "scenes/Conventional/Assets/Game/Resources/Entities/Information/Texture/emoji12.png": "scenes/Conventional/Assets/Game/Resources/Entities/Information/Texture/emoji12-51a8af2922.png",
  "scenes/Conventional/Assets/Game/Resources/Entities/Information/Texture/emoji13.png": "scenes/Conventional/Assets/Game/Resources/Entities/Information/Texture/emoji13-f6d5f293a4.png",
  "scenes/Conventional/Assets/Game/Resources/Entities/Information/Texture/emoji14.png": "scenes/Conventional/Assets/Game/Resources/Entities/Information/Texture/emoji14-d4dca103b4.png",
  "scenes/Conventional/Assets/Game/Resources/Entities/Information/Texture/emoji15.png": "scenes/Conventional/Assets/Game/Resources/Entities/Information/Texture/emoji15-c354ede96e.png",
  "scenes/Conventional/Assets/Game/Resources/Entities/Information/Texture/emoji2.png": "scenes/Conventional/Assets/Game/Resources/Entities/Information/Texture/emoji2-36eae66101.png",
  "scenes/Conventional/Assets/Game/Resources/Entities/Information/Texture/emoji3.png": "scenes/Conventional/Assets/Game/Resources/Entities/Information/Texture/emoji3-e4af6535db.png",
  "scenes/Conventional/Assets/Game/Resources/Entities/Information/Texture/emoji4.png": "scenes/Conventional/Assets/Game/Resources/Entities/Information/Texture/emoji4-f4416ca5b2.png",
  "scenes/Conventional/Assets/Game/Resources/Entities/Information/Texture/emoji5.png": "scenes/Conventional/Assets/Game/Resources/Entities/Information/Texture/emoji5-266b901086.png",
  "scenes/Conventional/Assets/Game/Resources/Entities/Information/Texture/emoji6.png": "scenes/Conventional/Assets/Game/Resources/Entities/Information/Texture/emoji6-7c85a34fb9.png",
  "scenes/Conventional/Assets/Game/Resources/Entities/Information/Texture/emoji7.png": "scenes/Conventional/Assets/Game/Resources/Entities/Information/Texture/emoji7-b3a636e4fb.png",
  "scenes/Conventional/Assets/Game/Resources/Entities/Information/Texture/emoji8.png": "scenes/Conventional/Assets/Game/Resources/Entities/Information/Texture/emoji8-53c1a88577.png",
  "scenes/Conventional/Assets/Game/Resources/Entities/Information/Texture/emoji9.png": "scenes/Conventional/Assets/Game/Resources/Entities/Information/Texture/emoji9-afa61d844a.png",
  "scenes/Conventional/Assets/Game/Resources/Entities/Information/Texture/rank1.png": "scenes/Conventional/Assets/Game/Resources/Entities/Information/Texture/rank1-35c844f4d6.png",
  "scenes/Conventional/Assets/Game/Resources/Entities/Information/Texture/rank10.png": "scenes/Conventional/Assets/Game/Resources/Entities/Information/Texture/rank10-809a5e0096.png",
  "scenes/Conventional/Assets/Game/Resources/Entities/Information/Texture/rank2.png": "scenes/Conventional/Assets/Game/Resources/Entities/Information/Texture/rank2-9453ccead0.png",
  "scenes/Conventional/Assets/Game/Resources/Entities/Information/Texture/rank3.png": "scenes/Conventional/Assets/Game/Resources/Entities/Information/Texture/rank3-35074d7742.png",
  "scenes/Conventional/Assets/Game/Resources/Entities/Information/Texture/rank4.png": "scenes/Conventional/Assets/Game/Resources/Entities/Information/Texture/rank4-510aca455c.png",
  "scenes/Conventional/Assets/Game/Resources/Entities/Information/Texture/rank5.png": "scenes/Conventional/Assets/Game/Resources/Entities/Information/Texture/rank5-b25b1c8e58.png",
  "scenes/Conventional/Assets/Game/Resources/Entities/Information/Texture/rank6.png": "scenes/Conventional/Assets/Game/Resources/Entities/Information/Texture/rank6-63f1b96ef6.png",
  "scenes/Conventional/Assets/Game/Resources/Entities/Information/Texture/rank7.png": "scenes/Conventional/Assets/Game/Resources/Entities/Information/Texture/rank7-093c2ad8f2.png",
  "scenes/Conventional/Assets/Game/Resources/Entities/Information/Texture/rank8.png": "scenes/Conventional/Assets/Game/Resources/Entities/Information/Texture/rank8-3277f4341e.png",
  "scenes/Conventional/Assets/Game/Resources/Entities/Information/Texture/rank9.png": "scenes/Conventional/Assets/Game/Resources/Entities/Information/Texture/rank9-53535f4043.png",
  "scenes/Conventional/Assets/Game/Resources/Entities/Map/Segments/theme01/Texture/Diffuse_01.png": "scenes/Conventional/Assets/Game/Resources/Entities/Map/Segments/theme01/Texture/Diffuse_01-51c1be59f7.png",
  "scenes/Conventional/Assets/Game/Resources/Entities/Map/Segments/theme02/Material/Diffuse_01.lmat": "scenes/Conventional/Assets/Game/Resources/Entities/Map/Segments/theme02/Material/Diffuse_01-3d9cdf3f5c.lmat",
  "scenes/Conventional/Assets/Game/Resources/Entities/Map/Segments/theme02/Material/Diffuse_02.lmat": "scenes/Conventional/Assets/Game/Resources/Entities/Map/Segments/theme02/Material/Diffuse_02-76662f118d.lmat",
  "scenes/Conventional/Assets/Game/Resources/Entities/Map/Segments/theme02/Material/Water 1.lmat": "scenes/Conventional/Assets/Game/Resources/Entities/Map/Segments/theme02/Material/Water 1-b66dc60d45.lmat",
  "scenes/Conventional/Assets/Game/Resources/Entities/Map/Segments/theme02/Material/haitan.lmat": "scenes/Conventional/Assets/Game/Resources/Entities/Map/Segments/theme02/Material/haitan-a2e8d56e97.lmat",
  "scenes/Conventional/Assets/Game/Resources/Entities/Map/Segments/theme02/Material/road01.lmat": "scenes/Conventional/Assets/Game/Resources/Entities/Map/Segments/theme02/Material/road01-995e8f071a.lmat",
  "scenes/Conventional/Assets/Game/Resources/Entities/Map/Segments/theme02/Material/road02.lmat": "scenes/Conventional/Assets/Game/Resources/Entities/Map/Segments/theme02/Material/road02-02a8b616c3.lmat",
  "scenes/Conventional/Assets/Game/Resources/Entities/Map/Segments/theme02/Model/Roof_Display_01-Roof_Display_01.lm": "scenes/Conventional/Assets/Game/Resources/Entities/Map/Segments/theme02/Model/Roof_Display_01-Roof_Display_01-83df35a095.lm",
  "scenes/Conventional/Assets/Game/Resources/Entities/Map/Segments/theme02/Model/Street_Place_03-Street_Place_03.lm": "scenes/Conventional/Assets/Game/Resources/Entities/Map/Segments/theme02/Model/Street_Place_03-Street_Place_03-7a21663b72.lm",
  "scenes/Conventional/Assets/Game/Resources/Entities/Map/Segments/theme02/Model/Street_Place_04-Street_Place_04.lm": "scenes/Conventional/Assets/Game/Resources/Entities/Map/Segments/theme02/Model/Street_Place_04-Street_Place_04-10d6181f50.lm",
  "scenes/Conventional/Assets/Game/Resources/Entities/Map/Segments/theme02/Model/Street_Place_05-Street_Place_05.lm": "scenes/Conventional/Assets/Game/Resources/Entities/Map/Segments/theme02/Model/Street_Place_05-Street_Place_05-763eedbac1.lm",
  "scenes/Conventional/Assets/Game/Resources/Entities/Map/Segments/theme02/Model/Street_Place_06-Street_Place_06.lm": "scenes/Conventional/Assets/Game/Resources/Entities/Map/Segments/theme02/Model/Street_Place_06-Street_Place_06-ecc80a98c1.lm",
  "scenes/Conventional/Assets/Game/Resources/Entities/Map/Segments/theme02/Model/Street_Place_07-Street_Place_07.lm": "scenes/Conventional/Assets/Game/Resources/Entities/Map/Segments/theme02/Model/Street_Place_07-Street_Place_07-fc57423c3b.lm",
  "scenes/Conventional/Assets/Game/Resources/Entities/Map/Segments/theme02/Model/Street_Place_08-Street_Place_08.lm": "scenes/Conventional/Assets/Game/Resources/Entities/Map/Segments/theme02/Model/Street_Place_08-Street_Place_08-fde820097e.lm",
  "scenes/Conventional/Assets/Game/Resources/Entities/Map/Segments/theme02/Model/Wind_Turbine_01-Wheel.lm": "scenes/Conventional/Assets/Game/Resources/Entities/Map/Segments/theme02/Model/Wind_Turbine_01-Wheel-7daa21a730.lm",
  "scenes/Conventional/Assets/Game/Resources/Entities/Map/Segments/theme02/Model/Wind_Turbine_01-Wind_Turbine_01.lm": "scenes/Conventional/Assets/Game/Resources/Entities/Map/Segments/theme02/Model/Wind_Turbine_01-Wind_Turbine_01-fe6bb71ca6.lm",
  "scenes/Conventional/Assets/Game/Resources/Entities/Map/Segments/theme02/Model/road01-Street_Big_Straight_03.lm": "scenes/Conventional/Assets/Game/Resources/Entities/Map/Segments/theme02/Model/road01-Street_Big_Straight_03-8c6f0ffbc5.lm",
  "scenes/Conventional/Assets/Game/Resources/Entities/Map/Segments/theme02/Model/water-water.lm": "scenes/Conventional/Assets/Game/Resources/Entities/Map/Segments/theme02/Model/water-water-61054bb918.lm",
  "scenes/Conventional/Assets/Game/Resources/Entities/Map/Segments/theme02/Texture/road01.jpg": "scenes/Conventional/Assets/Game/Resources/Entities/Map/Segments/theme02/Texture/road01-858e5c9974.jpg",
  "scenes/Conventional/Assets/Game/Resources/Entities/Map/Segments/theme02/Texture/road02.jpg": "scenes/Conventional/Assets/Game/Resources/Entities/Map/Segments/theme02/Texture/road02-517e31b415.jpg",
  "scenes/Conventional/Assets/Game/Resources/Entities/Map/Segments/theme03/Material/Diffuse_03.lmat": "scenes/Conventional/Assets/Game/Resources/Entities/Map/Segments/theme03/Material/Diffuse_03-9565752d1d.lmat",
  "scenes/Conventional/Assets/Game/Resources/Entities/Map/Segments/theme03/Material/Diffuse_04.lmat": "scenes/Conventional/Assets/Game/Resources/Entities/Map/Segments/theme03/Material/Diffuse_04-ee8d687b49.lmat",
  "scenes/Conventional/Assets/Game/Resources/Entities/Map/Segments/theme03/Material/tree.lmat": "scenes/Conventional/Assets/Game/Resources/Entities/Map/Segments/theme03/Material/tree-da35e25838.lmat",
  "scenes/Conventional/Assets/Game/Resources/Entities/Map/Segments/theme03/Model/SM_Bld_Barn_01-SM_Bld_Barn_01.lm": "scenes/Conventional/Assets/Game/Resources/Entities/Map/Segments/theme03/Model/SM_Bld_Barn_01-SM_Bld_Barn_01-12d4f7c951.lm",
  "scenes/Conventional/Assets/Game/Resources/Entities/Map/Segments/theme03/Model/SM_Bld_Barn_02-SM_Bld_Barn_02.lm": "scenes/Conventional/Assets/Game/Resources/Entities/Map/Segments/theme03/Model/SM_Bld_Barn_02-SM_Bld_Barn_02-a257ac5c13.lm",
  "scenes/Conventional/Assets/Game/Resources/Entities/Map/Segments/theme03/Model/SM_Bld_Barn_03-SM_Bld_Barn_03.lm": "scenes/Conventional/Assets/Game/Resources/Entities/Map/Segments/theme03/Model/SM_Bld_Barn_03-SM_Bld_Barn_03-4e01012885.lm",
  "scenes/Conventional/Assets/Game/Resources/Entities/Map/Segments/theme03/Model/SM_Bld_Farmhouse_02-SM_Bld_Farmhouse_02SM_Bld_Farmhouse_02.lm": "scenes/Conventional/Assets/Game/Resources/Entities/Map/Segments/theme03/Model/SM_Bld_Farmhouse_02-SM_Bld_Farmhouse_02SM_Bld_Farmhouse_02-3c1c8190e7.lm",
  "scenes/Conventional/Assets/Game/Resources/Entities/Map/Segments/theme03/Model/SM_Bld_Garage_01-SM_Bld_Garage_01.lm": "scenes/Conventional/Assets/Game/Resources/Entities/Map/Segments/theme03/Model/SM_Bld_Garage_01-SM_Bld_Garage_01-9cf219c50c.lm",
  "scenes/Conventional/Assets/Game/Resources/Entities/Map/Segments/theme03/Model/SM_Bld_ProduceStand_01-SM_Bld_ProduceStand_01.lm": "scenes/Conventional/Assets/Game/Resources/Entities/Map/Segments/theme03/Model/SM_Bld_ProduceStand_01-SM_Bld_ProduceStand_01-1d019885bd.lm",
  "scenes/Conventional/Assets/Game/Resources/Entities/Map/Segments/theme03/Model/SM_Bld_Shelter_01-SM_Bld_Shelter_01.lm": "scenes/Conventional/Assets/Game/Resources/Entities/Map/Segments/theme03/Model/SM_Bld_Shelter_01-SM_Bld_Shelter_01-d2b380c14e.lm",
  "scenes/Conventional/Assets/Game/Resources/Entities/Map/Segments/theme03/Model/SM_Bld_Silo_Small_01-SM_Bld_Silo_Small_01.lm": "scenes/Conventional/Assets/Game/Resources/Entities/Map/Segments/theme03/Model/SM_Bld_Silo_Small_01-SM_Bld_Silo_Small_01-dce16c355b.lm",
  "scenes/Conventional/Assets/Game/Resources/Entities/Map/Segments/theme03/Model/SM_Bld_Station_01-SM_Bld_Station_01.lm": "scenes/Conventional/Assets/Game/Resources/Entities/Map/Segments/theme03/Model/SM_Bld_Station_01-SM_Bld_Station_01-cedf45404a.lm",
  "scenes/Conventional/Assets/Game/Resources/Entities/Map/Segments/theme03/Model/SM_Bld_WaterTower_01-SM_Bld_WaterTower_01.lm": "scenes/Conventional/Assets/Game/Resources/Entities/Map/Segments/theme03/Model/SM_Bld_WaterTower_01-SM_Bld_WaterTower_01-72f49d5406.lm",
  "scenes/Conventional/Assets/Game/Resources/Entities/Map/Segments/theme03/Model/SM_Env_Tree_Tall_01-SM_Env_Tree_Tall_028.lm": "scenes/Conventional/Assets/Game/Resources/Entities/Map/Segments/theme03/Model/SM_Env_Tree_Tall_01-SM_Env_Tree_Tall_028-46189864ad.lm",
  "scenes/Conventional/Assets/Game/Resources/Entities/Map/Segments/theme03/Model/SM_Env_Tree_Tall_02-SM_Env_Tree_015.lm": "scenes/Conventional/Assets/Game/Resources/Entities/Map/Segments/theme03/Model/SM_Env_Tree_Tall_02-SM_Env_Tree_015-c315581cb1.lm",
  "scenes/Conventional/Assets/Game/Resources/Entities/Map/Segments/theme03/Model/SM_Env_Tree_Tall_03-SM_Env_Tree_Tall_028.lm": "scenes/Conventional/Assets/Game/Resources/Entities/Map/Segments/theme03/Model/SM_Env_Tree_Tall_03-SM_Env_Tree_Tall_028-3315c1256a.lm",
  "scenes/Conventional/Assets/Game/Resources/Entities/Map/Segments/theme03/Model/SM_Prop_Streetlamp_01-SM_Prop_Streetlamp_018.lm": "scenes/Conventional/Assets/Game/Resources/Entities/Map/Segments/theme03/Model/SM_Prop_Streetlamp_01-SM_Prop_Streetlamp_018-deadd64fc9.lm",
  "scenes/Conventional/Assets/Game/Resources/Entities/Map/Segments/theme03/Texture/PolygonFarm_Texture_01_A.jpg": "scenes/Conventional/Assets/Game/Resources/Entities/Map/Segments/theme03/Texture/PolygonFarm_Texture_01_A-c4969df4a6.jpg",
  "scenes/Conventional/Assets/Game/Resources/Entities/Map/Segments/theme03/Texture/PolygonTown_Texture_01_A.jpg": "scenes/Conventional/Assets/Game/Resources/Entities/Map/Segments/theme03/Texture/PolygonTown_Texture_01_A-929bc01aff.jpg",
  "scenes/Conventional/Assets/Game/Resources/Entities/Map/Segments/theme03/Texture/Stoneground.jpg": "scenes/Conventional/Assets/Game/Resources/Entities/Map/Segments/theme03/Texture/Stoneground-b4dd05d190.jpg",
  "scenes/Conventional/Assets/Game/Resources/Entities/Map/Segments/theme03/Texture/gas_station.jpg": "scenes/Conventional/Assets/Game/Resources/Entities/Map/Segments/theme03/Texture/gas_station-b1e99fc0a4.jpg",
  "scenes/Conventional/Assets/Game/Resources/Entities/Map/Segments/theme03/Texture/lawn_d.jpg": "scenes/Conventional/Assets/Game/Resources/Entities/Map/Segments/theme03/Texture/lawn_d-674f89cf0c.jpg",
  "scenes/Conventional/Assets/Game/Resources/Entities/Map/SkyBox/Textures/sky1.jpg": "scenes/Conventional/Assets/Game/Resources/Entities/Map/SkyBox/Textures/sky1-a09ef81edd.jpg",
  "scenes/Conventional/Assets/Game/Resources/Entities/Map/SkyBox/beijing.lmat": "scenes/Conventional/Assets/Game/Resources/Entities/Map/SkyBox/beijing-371e5839cf.lmat",
  "scenes/Conventional/Assets/Game/Resources/Entities/Map/main.js": "scenes/Conventional/Assets/Game/Resources/Entities/Map/main-d41d8cd98f.js",
  "scenes/Conventional/Assets/Game/Resources/Entities/MapElement/Accelerator/Material/accelerator.lmat": "scenes/Conventional/Assets/Game/Resources/Entities/MapElement/Accelerator/Material/accelerator-20c7f94ac0.lmat",
  "scenes/Conventional/Assets/Game/Resources/Entities/MapElement/Accelerator/Model/accelerator01-accelerator01.lm": "scenes/Conventional/Assets/Game/Resources/Entities/MapElement/Accelerator/Model/accelerator01-accelerator01-aac28736fc.lm",
  "scenes/Conventional/Assets/Game/Resources/Entities/MapElement/Accelerator/Model/accelerator03-accelerator03.lm": "scenes/Conventional/Assets/Game/Resources/Entities/MapElement/Accelerator/Model/accelerator03-accelerator03-27b12e0d44.lm",
  "scenes/Conventional/Assets/Game/Resources/Entities/MapElement/Accelerator/Model/accelerator04-accelerator04.lm": "scenes/Conventional/Assets/Game/Resources/Entities/MapElement/Accelerator/Model/accelerator04-accelerator04-c3f96a2f10.lm",
  "scenes/Conventional/Assets/Game/Resources/Entities/MapElement/Accelerator/Model/accelerator05-accelerator05.lm": "scenes/Conventional/Assets/Game/Resources/Entities/MapElement/Accelerator/Model/accelerator05-accelerator05-2046de6bad.lm",
  "scenes/Conventional/Assets/Game/Resources/Entities/MapElement/Accelerator/Model/accelerator06-accelerator06.lm": "scenes/Conventional/Assets/Game/Resources/Entities/MapElement/Accelerator/Model/accelerator06-accelerator06-f9cb518d91.lm",
  "scenes/Conventional/Assets/Game/Resources/Entities/MapElement/Accelerator/Textures/accelerator.png": "scenes/Conventional/Assets/Game/Resources/Entities/MapElement/Accelerator/Textures/accelerator-87f6f55fec.png",
  "scenes/Conventional/Assets/Game/Resources/Entities/MapElement/Obstacle/Material/obstacle.lmat": "scenes/Conventional/Assets/Game/Resources/Entities/MapElement/Obstacle/Material/obstacle-72a40c9314.lmat",
  "scenes/Conventional/Assets/Game/Resources/Entities/MapElement/Obstacle/Model/obstacle04-obstacle04.lm": "scenes/Conventional/Assets/Game/Resources/Entities/MapElement/Obstacle/Model/obstacle04-obstacle04-a36a8c6011.lm",
  "scenes/Conventional/Assets/Game/Resources/Entities/MapElement/Obstacle/Model/obstacle10-obstacle10.lm": "scenes/Conventional/Assets/Game/Resources/Entities/MapElement/Obstacle/Model/obstacle10-obstacle10-25d8b635db.lm",
  "scenes/Conventional/Assets/Game/Resources/Entities/MapElement/Obstacle/Texture/obstacle.jpg": "scenes/Conventional/Assets/Game/Resources/Entities/MapElement/Obstacle/Texture/obstacle-6deec391b2.jpg",
  "scenes/Conventional/Assets/Game/Resources/Entities/MapElement/Terminal/Material/terminal.lmat": "scenes/Conventional/Assets/Game/Resources/Entities/MapElement/Terminal/Material/terminal-d49784b197.lmat",
  "scenes/Conventional/Assets/Game/Resources/Entities/MapElement/Terminal/Model/finish-finish.lm": "scenes/Conventional/Assets/Game/Resources/Entities/MapElement/Terminal/Model/finish-finish-3b0a251f56.lm",
  "scenes/Conventional/Assets/Game/Resources/Entities/MapElement/Terminal/Texture/finish_cn.jpg": "scenes/Conventional/Assets/Game/Resources/Entities/MapElement/Terminal/Texture/finish_cn-e85b9ae972.jpg",
  "scenes/Conventional/Assets/Game/Resources/Entities/MapElement/Vehicle/Material/car.lmat": "scenes/Conventional/Assets/Game/Resources/Entities/MapElement/Vehicle/Material/car-5f053421d5.lmat",
  "scenes/Conventional/Assets/Game/Resources/Entities/MapElement/Vehicle/Material/car02.lmat": "scenes/Conventional/Assets/Game/Resources/Entities/MapElement/Vehicle/Material/car02-265988d011.lmat",
  "scenes/Conventional/Assets/Game/Resources/Entities/MapElement/Vehicle/Model/car01-FL.lm": "scenes/Conventional/Assets/Game/Resources/Entities/MapElement/Vehicle/Model/car01-FL-69b6794ea5.lm",
  "scenes/Conventional/Assets/Game/Resources/Entities/MapElement/Vehicle/Model/car01-FR.lm": "scenes/Conventional/Assets/Game/Resources/Entities/MapElement/Vehicle/Model/car01-FR-fcc280a517.lm",
  "scenes/Conventional/Assets/Game/Resources/Entities/MapElement/Vehicle/Model/car01-RL.lm": "scenes/Conventional/Assets/Game/Resources/Entities/MapElement/Vehicle/Model/car01-RL-126ec9b110.lm",
  "scenes/Conventional/Assets/Game/Resources/Entities/MapElement/Vehicle/Model/car01-RR.lm": "scenes/Conventional/Assets/Game/Resources/Entities/MapElement/Vehicle/Model/car01-RR-c4b66b11bf.lm",
  "scenes/Conventional/Assets/Game/Resources/Entities/MapElement/Vehicle/Model/car01-backBurner.lm": "scenes/Conventional/Assets/Game/Resources/Entities/MapElement/Vehicle/Model/car01-backBurner-e5a5ab4c2b.lm",
  "scenes/Conventional/Assets/Game/Resources/Entities/MapElement/Vehicle/Model/car01-body.lm": "scenes/Conventional/Assets/Game/Resources/Entities/MapElement/Vehicle/Model/car01-body-7f06d8acfa.lm",
  "scenes/Conventional/Assets/Game/Resources/Entities/MapElement/Vehicle/Model/car01-doorL.lm": "scenes/Conventional/Assets/Game/Resources/Entities/MapElement/Vehicle/Model/car01-doorL-51af8547f7.lm",
  "scenes/Conventional/Assets/Game/Resources/Entities/MapElement/Vehicle/Model/car01-doorR.lm": "scenes/Conventional/Assets/Game/Resources/Entities/MapElement/Vehicle/Model/car01-doorR-529ed33a60.lm",
  "scenes/Conventional/Assets/Game/Resources/Entities/MapElement/Vehicle/Model/car01-empennage.lm": "scenes/Conventional/Assets/Game/Resources/Entities/MapElement/Vehicle/Model/car01-empennage-114c3d58aa.lm",
  "scenes/Conventional/Assets/Game/Resources/Entities/MapElement/Vehicle/Model/car01-engineHood.lm": "scenes/Conventional/Assets/Game/Resources/Entities/MapElement/Vehicle/Model/car01-engineHood-918beba275.lm",
  "scenes/Conventional/Assets/Game/Resources/Entities/MapElement/Vehicle/Model/car02-FL.lm": "scenes/Conventional/Assets/Game/Resources/Entities/MapElement/Vehicle/Model/car02-FL-8284d5792f.lm",
  "scenes/Conventional/Assets/Game/Resources/Entities/MapElement/Vehicle/Model/car02-FR.lm": "scenes/Conventional/Assets/Game/Resources/Entities/MapElement/Vehicle/Model/car02-FR-4764aee5bb.lm",
  "scenes/Conventional/Assets/Game/Resources/Entities/MapElement/Vehicle/Model/car02-RL.lm": "scenes/Conventional/Assets/Game/Resources/Entities/MapElement/Vehicle/Model/car02-RL-2261abcb46.lm",
  "scenes/Conventional/Assets/Game/Resources/Entities/MapElement/Vehicle/Model/car02-RR.lm": "scenes/Conventional/Assets/Game/Resources/Entities/MapElement/Vehicle/Model/car02-RR-34dfd93aa4.lm",
  "scenes/Conventional/Assets/Game/Resources/Entities/MapElement/Vehicle/Model/car02-body.lm": "scenes/Conventional/Assets/Game/Resources/Entities/MapElement/Vehicle/Model/car02-body-0cd0b8f28c.lm",
  "scenes/Conventional/Assets/Game/Resources/Entities/MapElement/Vehicle/Model/car02-doorL.lm": "scenes/Conventional/Assets/Game/Resources/Entities/MapElement/Vehicle/Model/car02-doorL-275927bb85.lm",
  "scenes/Conventional/Assets/Game/Resources/Entities/MapElement/Vehicle/Model/car02-doorR001.lm": "scenes/Conventional/Assets/Game/Resources/Entities/MapElement/Vehicle/Model/car02-doorR001-bb7f303c28.lm",
  "scenes/Conventional/Assets/Game/Resources/Entities/MapElement/Vehicle/Model/car02-tailgate.lm": "scenes/Conventional/Assets/Game/Resources/Entities/MapElement/Vehicle/Model/car02-tailgate-a77e3d5a68.lm",
  "scenes/Conventional/Assets/Game/Resources/Entities/MapElement/Vehicle/Model/car03-FL.lm": "scenes/Conventional/Assets/Game/Resources/Entities/MapElement/Vehicle/Model/car03-FL-8c17dc742f.lm",
  "scenes/Conventional/Assets/Game/Resources/Entities/MapElement/Vehicle/Model/car03-FR.lm": "scenes/Conventional/Assets/Game/Resources/Entities/MapElement/Vehicle/Model/car03-FR-095c16d1d3.lm",
  "scenes/Conventional/Assets/Game/Resources/Entities/MapElement/Vehicle/Model/car03-RL.lm": "scenes/Conventional/Assets/Game/Resources/Entities/MapElement/Vehicle/Model/car03-RL-29bdf489d2.lm",
  "scenes/Conventional/Assets/Game/Resources/Entities/MapElement/Vehicle/Model/car03-RR.lm": "scenes/Conventional/Assets/Game/Resources/Entities/MapElement/Vehicle/Model/car03-RR-4343848c48.lm",
  "scenes/Conventional/Assets/Game/Resources/Entities/MapElement/Vehicle/Model/car03-backBurner.lm": "scenes/Conventional/Assets/Game/Resources/Entities/MapElement/Vehicle/Model/car03-backBurner-d8a7129845.lm",
  "scenes/Conventional/Assets/Game/Resources/Entities/MapElement/Vehicle/Model/car03-body.lm": "scenes/Conventional/Assets/Game/Resources/Entities/MapElement/Vehicle/Model/car03-body-fe436e3290.lm",
  "scenes/Conventional/Assets/Game/Resources/Entities/MapElement/Vehicle/Model/car03-doorL.lm": "scenes/Conventional/Assets/Game/Resources/Entities/MapElement/Vehicle/Model/car03-doorL-6443e25637.lm",
  "scenes/Conventional/Assets/Game/Resources/Entities/MapElement/Vehicle/Model/car03-doorR.lm": "scenes/Conventional/Assets/Game/Resources/Entities/MapElement/Vehicle/Model/car03-doorR-0e9982ad12.lm",
  "scenes/Conventional/Assets/Game/Resources/Entities/MapElement/Vehicle/Model/car04-FL.lm": "scenes/Conventional/Assets/Game/Resources/Entities/MapElement/Vehicle/Model/car04-FL-764bd51a7b.lm",
  "scenes/Conventional/Assets/Game/Resources/Entities/MapElement/Vehicle/Model/car04-FR.lm": "scenes/Conventional/Assets/Game/Resources/Entities/MapElement/Vehicle/Model/car04-FR-7a57edb53e.lm",
  "scenes/Conventional/Assets/Game/Resources/Entities/MapElement/Vehicle/Model/car04-RL.lm": "scenes/Conventional/Assets/Game/Resources/Entities/MapElement/Vehicle/Model/car04-RL-c181dc37db.lm",
  "scenes/Conventional/Assets/Game/Resources/Entities/MapElement/Vehicle/Model/car04-RR.lm": "scenes/Conventional/Assets/Game/Resources/Entities/MapElement/Vehicle/Model/car04-RR-bd7f797155.lm",
  "scenes/Conventional/Assets/Game/Resources/Entities/MapElement/Vehicle/Model/car04-body.lm": "scenes/Conventional/Assets/Game/Resources/Entities/MapElement/Vehicle/Model/car04-body-1370bfe8e4.lm",
  "scenes/Conventional/Assets/Game/Resources/Entities/MapElement/Vehicle/Model/car04-doorL.lm": "scenes/Conventional/Assets/Game/Resources/Entities/MapElement/Vehicle/Model/car04-doorL-2ab9d3dc7e.lm",
  "scenes/Conventional/Assets/Game/Resources/Entities/MapElement/Vehicle/Model/car04-doorR.lm": "scenes/Conventional/Assets/Game/Resources/Entities/MapElement/Vehicle/Model/car04-doorR-b31f281d21.lm",
  "scenes/Conventional/Assets/Game/Resources/Entities/MapElement/Vehicle/Model/car04-tailgate.lm": "scenes/Conventional/Assets/Game/Resources/Entities/MapElement/Vehicle/Model/car04-tailgate-0718c2c84b.lm",
  "scenes/Conventional/Assets/Game/Resources/Entities/MapElement/Vehicle/Texture/car02.png": "scenes/Conventional/Assets/Game/Resources/Entities/MapElement/Vehicle/Texture/car02-a7d539ab63.png",
  "scenes/Conventional/Assets/Game/Resources/Entities/MapElement/Vehicle/Texture/vehicle.jpg": "scenes/Conventional/Assets/Game/Resources/Entities/MapElement/Vehicle/Texture/vehicle-7bd7374fb4.jpg",
  "scenes/Conventional/Assets/Game/Resources/Entities/MapElement/Walker/Material/walker01.lmat": "scenes/Conventional/Assets/Game/Resources/Entities/MapElement/Walker/Material/walker01-abacd2f062.lmat",
  "scenes/Conventional/Assets/Game/Resources/Entities/MapElement/Walker/Material/walker02.lmat": "scenes/Conventional/Assets/Game/Resources/Entities/MapElement/Walker/Material/walker02-8a11ac5ccb.lmat",
  "scenes/Conventional/Assets/Game/Resources/Entities/MapElement/Walker/Model/walker01-walker01.lm": "scenes/Conventional/Assets/Game/Resources/Entities/MapElement/Walker/Model/walker01-walker01-6401d554de.lm",
  "scenes/Conventional/Assets/Game/Resources/Entities/MapElement/Walker/Model/walker01@stand-stand.lani": "scenes/Conventional/Assets/Game/Resources/Entities/MapElement/Walker/Model/walker01@stand-stand-f03c7f8240.lani",
  "scenes/Conventional/Assets/Game/Resources/Entities/MapElement/Walker/Model/walker01@walk-walk.lani": "scenes/Conventional/Assets/Game/Resources/Entities/MapElement/Walker/Model/walker01@walk-walk-3e84dded90.lani",
  "scenes/Conventional/Assets/Game/Resources/Entities/MapElement/Walker/Model/walker02-walker02.lm": "scenes/Conventional/Assets/Game/Resources/Entities/MapElement/Walker/Model/walker02-walker02-71d2ab41e9.lm",
  "scenes/Conventional/Assets/Game/Resources/Entities/MapElement/Walker/Model/walker02@stand-stand.lani": "scenes/Conventional/Assets/Game/Resources/Entities/MapElement/Walker/Model/walker02@stand-stand-213f0a01c1.lani",
  "scenes/Conventional/Assets/Game/Resources/Entities/MapElement/Walker/Model/walker02@walk-walk.lani": "scenes/Conventional/Assets/Game/Resources/Entities/MapElement/Walker/Model/walker02@walk-walk-a8a9817c23.lani",
  "scenes/Conventional/Assets/Game/Resources/Entities/MapElement/Walker/Model/walker03-walker03.lm": "scenes/Conventional/Assets/Game/Resources/Entities/MapElement/Walker/Model/walker03-walker03-55a433604b.lm",
  "scenes/Conventional/Assets/Game/Resources/Entities/MapElement/Walker/Model/walker03@stand-stand.lani": "scenes/Conventional/Assets/Game/Resources/Entities/MapElement/Walker/Model/walker03@stand-stand-2ef84a3d3e.lani",
  "scenes/Conventional/Assets/Game/Resources/Entities/MapElement/Walker/Model/walker03@walk-walk.lani": "scenes/Conventional/Assets/Game/Resources/Entities/MapElement/Walker/Model/walker03@walk-walk-6056068c4e.lani",
  "scenes/Conventional/Assets/Game/Resources/Entities/MapElement/Walker/Model/walker04-walker04.lm": "scenes/Conventional/Assets/Game/Resources/Entities/MapElement/Walker/Model/walker04-walker04-64bdb6ac2a.lm",
  "scenes/Conventional/Assets/Game/Resources/Entities/MapElement/Walker/Model/walker04@stand-stand.lani": "scenes/Conventional/Assets/Game/Resources/Entities/MapElement/Walker/Model/walker04@stand-stand-34e7331591.lani",
  "scenes/Conventional/Assets/Game/Resources/Entities/MapElement/Walker/Model/walker04@walk-walk.lani": "scenes/Conventional/Assets/Game/Resources/Entities/MapElement/Walker/Model/walker04@walk-walk-5360aacb21.lani",
  "scenes/Conventional/Assets/Game/Resources/Entities/MapElement/Walker/Texture/walker01.jpg": "scenes/Conventional/Assets/Game/Resources/Entities/MapElement/Walker/Texture/walker01-75fc7740c4.jpg",
  "scenes/Conventional/Assets/Game/Resources/Entities/MapElement/Walker/Texture/walker02.jpg": "scenes/Conventional/Assets/Game/Resources/Entities/MapElement/Walker/Texture/walker02-87c08f947a.jpg",
  "scenes/Conventional/Assets/Game/Resources/Entities/Motorcycle/Material/motor_01.lmat": "scenes/Conventional/Assets/Game/Resources/Entities/Motorcycle/Material/motor_01-914c21de47.lmat",
  "scenes/Conventional/Assets/Game/Resources/Entities/Motorcycle/Model/motor_01-body.lm": "scenes/Conventional/Assets/Game/Resources/Entities/Motorcycle/Model/motor_01-body-69ad6a2533.lm",
  "scenes/Conventional/Assets/Game/Resources/Entities/Motorcycle/Model/motor_01-frontwheel.lm": "scenes/Conventional/Assets/Game/Resources/Entities/Motorcycle/Model/motor_01-frontwheel-5d0395fd77.lm",
  "scenes/Conventional/Assets/Game/Resources/Entities/Motorcycle/Model/motor_01-handle.lm": "scenes/Conventional/Assets/Game/Resources/Entities/Motorcycle/Model/motor_01-handle-6a93dab2b6.lm",
  "scenes/Conventional/Assets/Game/Resources/Entities/Motorcycle/Model/motor_01-rearwheel.lm": "scenes/Conventional/Assets/Game/Resources/Entities/Motorcycle/Model/motor_01-rearwheel-e545bd8ea5.lm",
  "scenes/Conventional/Assets/Game/Resources/Entities/Motorcycle/Model/motor_02-body.lm": "scenes/Conventional/Assets/Game/Resources/Entities/Motorcycle/Model/motor_02-body-3012fa16b5.lm",
  "scenes/Conventional/Assets/Game/Resources/Entities/Motorcycle/Model/motor_02-frontwheel.lm": "scenes/Conventional/Assets/Game/Resources/Entities/Motorcycle/Model/motor_02-frontwheel-beec096e45.lm",
  "scenes/Conventional/Assets/Game/Resources/Entities/Motorcycle/Model/motor_02-handle.lm": "scenes/Conventional/Assets/Game/Resources/Entities/Motorcycle/Model/motor_02-handle-07bc010d0f.lm",
  "scenes/Conventional/Assets/Game/Resources/Entities/Motorcycle/Model/motor_02-rearwheel.lm": "scenes/Conventional/Assets/Game/Resources/Entities/Motorcycle/Model/motor_02-rearwheel-baf2eb0a00.lm",
  "scenes/Conventional/Assets/Game/Resources/Entities/Motorcycle/Model/motor_03-body.lm": "scenes/Conventional/Assets/Game/Resources/Entities/Motorcycle/Model/motor_03-body-49a38e7ada.lm",
  "scenes/Conventional/Assets/Game/Resources/Entities/Motorcycle/Model/motor_03-frontwheel.lm": "scenes/Conventional/Assets/Game/Resources/Entities/Motorcycle/Model/motor_03-frontwheel-7ea921fb38.lm",
  "scenes/Conventional/Assets/Game/Resources/Entities/Motorcycle/Model/motor_03-handle.lm": "scenes/Conventional/Assets/Game/Resources/Entities/Motorcycle/Model/motor_03-handle-376cec20f6.lm",
  "scenes/Conventional/Assets/Game/Resources/Entities/Motorcycle/Model/motor_03-rearwheel.lm": "scenes/Conventional/Assets/Game/Resources/Entities/Motorcycle/Model/motor_03-rearwheel-33ad709465.lm",
  "scenes/Conventional/Assets/Game/Resources/Entities/Motorcycle/Model/motor_04-body.lm": "scenes/Conventional/Assets/Game/Resources/Entities/Motorcycle/Model/motor_04-body-6ed5627e7b.lm",
  "scenes/Conventional/Assets/Game/Resources/Entities/Motorcycle/Model/motor_04-frontwheel.lm": "scenes/Conventional/Assets/Game/Resources/Entities/Motorcycle/Model/motor_04-frontwheel-b07568745e.lm",
  "scenes/Conventional/Assets/Game/Resources/Entities/Motorcycle/Model/motor_04-handle.lm": "scenes/Conventional/Assets/Game/Resources/Entities/Motorcycle/Model/motor_04-handle-308bf05b5a.lm",
  "scenes/Conventional/Assets/Game/Resources/Entities/Motorcycle/Model/motor_04-rearwheel.lm": "scenes/Conventional/Assets/Game/Resources/Entities/Motorcycle/Model/motor_04-rearwheel-ec894634af.lm",
  "scenes/Conventional/Assets/Game/Resources/Entities/Motorcycle/Model/motor_05-body.lm": "scenes/Conventional/Assets/Game/Resources/Entities/Motorcycle/Model/motor_05-body-ec0bf6c4e5.lm",
  "scenes/Conventional/Assets/Game/Resources/Entities/Motorcycle/Model/motor_05-frontwheel.lm": "scenes/Conventional/Assets/Game/Resources/Entities/Motorcycle/Model/motor_05-frontwheel-616ee2d49a.lm",
  "scenes/Conventional/Assets/Game/Resources/Entities/Motorcycle/Model/motor_05-handle.lm": "scenes/Conventional/Assets/Game/Resources/Entities/Motorcycle/Model/motor_05-handle-b53a416bfe.lm",
  "scenes/Conventional/Assets/Game/Resources/Entities/Motorcycle/Model/motor_05-rearwheel.lm": "scenes/Conventional/Assets/Game/Resources/Entities/Motorcycle/Model/motor_05-rearwheel-fca72a3f45.lm",
  "scenes/Conventional/Assets/Game/Resources/Entities/Motorcycle/Model/motor_06-body.lm": "scenes/Conventional/Assets/Game/Resources/Entities/Motorcycle/Model/motor_06-body-7c01152209.lm",
  "scenes/Conventional/Assets/Game/Resources/Entities/Motorcycle/Model/motor_06-frontwheel.lm": "scenes/Conventional/Assets/Game/Resources/Entities/Motorcycle/Model/motor_06-frontwheel-2d7b9c9185.lm",
  "scenes/Conventional/Assets/Game/Resources/Entities/Motorcycle/Model/motor_06-handle.lm": "scenes/Conventional/Assets/Game/Resources/Entities/Motorcycle/Model/motor_06-handle-fcd354e916.lm",
  "scenes/Conventional/Assets/Game/Resources/Entities/Motorcycle/Model/motor_06-rearwheel.lm": "scenes/Conventional/Assets/Game/Resources/Entities/Motorcycle/Model/motor_06-rearwheel-9ff39fc966.lm",
  "scenes/Conventional/Assets/Game/Resources/Entities/Motorcycle/Model/motor_07-body.lm": "scenes/Conventional/Assets/Game/Resources/Entities/Motorcycle/Model/motor_07-body-5cbeefde99.lm",
  "scenes/Conventional/Assets/Game/Resources/Entities/Motorcycle/Model/motor_07-frontwheel.lm": "scenes/Conventional/Assets/Game/Resources/Entities/Motorcycle/Model/motor_07-frontwheel-73c50f488e.lm",
  "scenes/Conventional/Assets/Game/Resources/Entities/Motorcycle/Model/motor_07-handle.lm": "scenes/Conventional/Assets/Game/Resources/Entities/Motorcycle/Model/motor_07-handle-4d8b05e108.lm",
  "scenes/Conventional/Assets/Game/Resources/Entities/Motorcycle/Model/motor_07-rearwheel.lm": "scenes/Conventional/Assets/Game/Resources/Entities/Motorcycle/Model/motor_07-rearwheel-48dbb61748.lm",
  "scenes/Conventional/Assets/Game/Resources/Entities/Motorcycle/Model/motor_08-body.lm": "scenes/Conventional/Assets/Game/Resources/Entities/Motorcycle/Model/motor_08-body-3171b50f46.lm",
  "scenes/Conventional/Assets/Game/Resources/Entities/Motorcycle/Model/motor_08-frontwheel.lm": "scenes/Conventional/Assets/Game/Resources/Entities/Motorcycle/Model/motor_08-frontwheel-bf0393aeff.lm",
  "scenes/Conventional/Assets/Game/Resources/Entities/Motorcycle/Model/motor_08-handle.lm": "scenes/Conventional/Assets/Game/Resources/Entities/Motorcycle/Model/motor_08-handle-a2b3fadd0e.lm",
  "scenes/Conventional/Assets/Game/Resources/Entities/Motorcycle/Model/motor_08-rearwheel.lm": "scenes/Conventional/Assets/Game/Resources/Entities/Motorcycle/Model/motor_08-rearwheel-67dd2bdfeb.lm",
  "scenes/Conventional/Assets/Game/Resources/Entities/Motorcycle/Texture/moto.jpg": "scenes/Conventional/Assets/Game/Resources/Entities/Motorcycle/Texture/moto-357e87eb1e.jpg",
  "scenes/Conventional/Assets/Game/Resources/Entities/Player/Material/suit.lmat": "scenes/Conventional/Assets/Game/Resources/Entities/Player/Material/suit-cac1febfba.lmat",
  "scenes/Conventional/Assets/Game/Resources/Entities/Player/Model/chatacter01-SkinMesh.lm": "scenes/Conventional/Assets/Game/Resources/Entities/Player/Model/chatacter01-SkinMesh-ed18e5cd6b.lm",
  "scenes/Conventional/Assets/Game/Resources/Entities/Player/Model/chatacter01@accelerated_run-accelerated_run.lani": "scenes/Conventional/Assets/Game/Resources/Entities/Player/Model/chatacter01@accelerated_run-accelerated_run-3427b6e8c0.lani",
  "scenes/Conventional/Assets/Game/Resources/Entities/Player/Model/chatacter01@attack01-attack01.lani": "scenes/Conventional/Assets/Game/Resources/Entities/Player/Model/chatacter01@attack01-attack01-5c93946f6f.lani",
  "scenes/Conventional/Assets/Game/Resources/Entities/Player/Model/chatacter01@attack02-attack02.lani": "scenes/Conventional/Assets/Game/Resources/Entities/Player/Model/chatacter01@attack02-attack02-3b99b8aec1.lani",
  "scenes/Conventional/Assets/Game/Resources/Entities/Player/Model/chatacter01@attack03_attack-attack03_attack.lani": "scenes/Conventional/Assets/Game/Resources/Entities/Player/Model/chatacter01@attack03_attack-attack03_attack-648929ebf7.lani",
  "scenes/Conventional/Assets/Game/Resources/Entities/Player/Model/chatacter01@attack03_start-attack03_start.lani": "scenes/Conventional/Assets/Game/Resources/Entities/Player/Model/chatacter01@attack03_start-attack03_start-af41ef5863.lani",
  "scenes/Conventional/Assets/Game/Resources/Entities/Player/Model/chatacter01@attack05-attack05.lani": "scenes/Conventional/Assets/Game/Resources/Entities/Player/Model/chatacter01@attack05-attack05-9be64a9e60.lani",
  "scenes/Conventional/Assets/Game/Resources/Entities/Player/Model/chatacter01@attack06-attack06.lani": "scenes/Conventional/Assets/Game/Resources/Entities/Player/Model/chatacter01@attack06-attack06-45ade9e7f4.lani",
  "scenes/Conventional/Assets/Game/Resources/Entities/Player/Model/chatacter01@die-die.lani": "scenes/Conventional/Assets/Game/Resources/Entities/Player/Model/chatacter01@die-die-30c67d1b15.lani",
  "scenes/Conventional/Assets/Game/Resources/Entities/Player/Model/chatacter01@hurt-hurt.lani": "scenes/Conventional/Assets/Game/Resources/Entities/Player/Model/chatacter01@hurt-hurt-2e0f028765.lani",
  "scenes/Conventional/Assets/Game/Resources/Entities/Player/Model/chatacter01@run-run.lani": "scenes/Conventional/Assets/Game/Resources/Entities/Player/Model/chatacter01@run-run-a6c329195b.lani",
  "scenes/Conventional/Assets/Game/Resources/Entities/Player/Model/chatacter01@stand-stand.lani": "scenes/Conventional/Assets/Game/Resources/Entities/Player/Model/chatacter01@stand-stand-a710e3df00.lani",
  "scenes/Conventional/Assets/Game/Resources/Entities/Player/Model/chatacter01@turn-turn.lani": "scenes/Conventional/Assets/Game/Resources/Entities/Player/Model/chatacter01@turn-turn-a3447749bc.lani",
  "scenes/Conventional/Assets/Scenes/mainsceneGIReflection.ltcb.ls": "scenes/Conventional/Assets/Scenes/mainsceneGIReflection-4e7177cfa4.ltcb.ls",
  "scenes/Conventional/Directional Light.lh": "scenes/Conventional/Directional Light-37c252749c.lh",
  "scenes/Conventional/Library/unity default resources-Cube.lm": "scenes/Conventional/Library/unity default resources-Cube-1a647a1688.lm",
  "scenes/Conventional/Main Camera.lh": "scenes/Conventional/Main Camera-7870e4cc2a.lh",
  "scenes/Conventional/accelerator01.lh": "scenes/Conventional/accelerator01-e926370dce.lh",
  "scenes/Conventional/accelerator03.lh": "scenes/Conventional/accelerator03-de65e27c40.lh",
  "scenes/Conventional/accelerator04.lh": "scenes/Conventional/accelerator04-09a57f5b20.lh",
  "scenes/Conventional/accelerator05.lh": "scenes/Conventional/accelerator05-bd0a9814db.lh",
  "scenes/Conventional/accelerator06.lh": "scenes/Conventional/accelerator06-bc080b1dae.lh",
  "scenes/Conventional/baozha.lh": "scenes/Conventional/baozha-eef49a186b.lh",
  "scenes/Conventional/baozha02.lh": "scenes/Conventional/baozha02-ed7213309e.lh",
  "scenes/Conventional/barral01.lh": "scenes/Conventional/barral01-a2a0acd1aa.lh",
  "scenes/Conventional/barral02.lh": "scenes/Conventional/barral02-7f9ce3bcef.lh",
  "scenes/Conventional/barral03.lh": "scenes/Conventional/barral03-de86fc07a5.lh",
  "scenes/Conventional/boss01.lh": "scenes/Conventional/boss01-9d710e5f3f.lh",
  "scenes/Conventional/boxwall01.lh": "scenes/Conventional/boxwall01-360f000fd2.lh",
  "scenes/Conventional/boxwall02.lh": "scenes/Conventional/boxwall02-9b87a8e4eb.lh",
  "scenes/Conventional/boxwall03.lh": "scenes/Conventional/boxwall03-831ec3646e.lh",
  "scenes/Conventional/boxwall04.lh": "scenes/Conventional/boxwall04-b8b35c0da0.lh",
  "scenes/Conventional/car01.lh": "scenes/Conventional/car01-fad6dfd73f.lh",
  "scenes/Conventional/car02.lh": "scenes/Conventional/car02-27c9177c00.lh",
  "scenes/Conventional/car03.lh": "scenes/Conventional/car03-45b170d3c8.lh",
  "scenes/Conventional/car04.lh": "scenes/Conventional/car04-09daa91011.lh",
  "scenes/Conventional/daoju.lh": "scenes/Conventional/daoju-f9b99a5e33.lh",
  "scenes/Conventional/hat01.lh": "scenes/Conventional/hat01-27045ed1ee.lh",
  "scenes/Conventional/hat02.lh": "scenes/Conventional/hat02-d3021c40fa.lh",
  "scenes/Conventional/hat03.lh": "scenes/Conventional/hat03-8c4e8e3995.lh",
  "scenes/Conventional/hat04.lh": "scenes/Conventional/hat04-6374337388.lh",
  "scenes/Conventional/hat05.lh": "scenes/Conventional/hat05-a2943db3f9.lh",
  "scenes/Conventional/hat06.lh": "scenes/Conventional/hat06-e3dc16563d.lh",
  "scenes/Conventional/hat07.lh": "scenes/Conventional/hat07-b7fa4e504f.lh",
  "scenes/Conventional/hat08.lh": "scenes/Conventional/hat08-62249a6614.lh",
  "scenes/Conventional/mainscene.ls": "scenes/Conventional/mainscene-be47c35b6a.ls",
  "scenes/Conventional/map01.lh": "scenes/Conventional/map01-e2b50a3dd4.lh",
  "scenes/Conventional/map02.lh": "scenes/Conventional/map02-65f007caec.lh",
  "scenes/Conventional/map03.lh": "scenes/Conventional/map03-518c9d1240.lh",
  "scenes/Conventional/map04.lh": "scenes/Conventional/map04-af565ba182.lh",
  "scenes/Conventional/map05.lh": "scenes/Conventional/map05-ecf3f4bc9f.lh",
  "scenes/Conventional/map06.lh": "scenes/Conventional/map06-4050898885.lh",
  "scenes/Conventional/map07.lh": "scenes/Conventional/map07-4d540a8964.lh",
  "scenes/Conventional/map08.lh": "scenes/Conventional/map08-152bddc4d9.lh",
  "scenes/Conventional/map09.lh": "scenes/Conventional/map09-b7312ae700.lh",
  "scenes/Conventional/map10.lh": "scenes/Conventional/map10-d4184b4de9.lh",
  "scenes/Conventional/motor01.lh": "scenes/Conventional/motor01-948ce2315c.lh",
  "scenes/Conventional/motor02.lh": "scenes/Conventional/motor02-af89235f10.lh",
  "scenes/Conventional/motor03.lh": "scenes/Conventional/motor03-f4d2e8eb5a.lh",
  "scenes/Conventional/motor04.lh": "scenes/Conventional/motor04-c94dafbd07.lh",
  "scenes/Conventional/motor05.lh": "scenes/Conventional/motor05-9af5fec0db.lh",
  "scenes/Conventional/motor06.lh": "scenes/Conventional/motor06-e701211f0a.lh",
  "scenes/Conventional/motor07.lh": "scenes/Conventional/motor07-f3e7cbfbc5.lh",
  "scenes/Conventional/motor08.lh": "scenes/Conventional/motor08-3e7941f3e9.lh",
  "scenes/Conventional/rocket.lh": "scenes/Conventional/rocket-1affcd0f3f.lh",
  "scenes/Conventional/terminal.lh": "scenes/Conventional/terminal-a887536d1a.lh",
  "scenes/Conventional/victory.lh": "scenes/Conventional/victory-34d5196363.lh",
  "scenes/Conventional/walker01.lh": "scenes/Conventional/walker01-089dd9440f.lh",
  "scenes/Conventional/walker02.lh": "scenes/Conventional/walker02-e26d7345dc.lh",
  "scenes/Conventional/walker03.lh": "scenes/Conventional/walker03-c88407a49e.lh",
  "scenes/Conventional/walker04.lh": "scenes/Conventional/walker04-b3a77d4c42.lh",
  "scenes/Conventional/weapon01.lh": "scenes/Conventional/weapon01-c589bc3700.lh",
  "scenes/Conventional/weapon02.lh": "scenes/Conventional/weapon02-7995540ed2.lh",
  "scenes/Conventional/weapon03.lh": "scenes/Conventional/weapon03-5e3cdc3457.lh",
  "scenes/Conventional/weapon04.lh": "scenes/Conventional/weapon04-9a89c498db.lh",
  "scenes/Conventional/weapon05.lh": "scenes/Conventional/weapon05-94073b8e7e.lh",
  "scenes/Conventional/weapon06.lh": "scenes/Conventional/weapon06-cf1d42cfd5.lh",
  "scenes/Conventional/weapon07.lh": "scenes/Conventional/weapon07-b9ba9665b9.lh",
  "scenes/Conventional/weapon08.lh": "scenes/Conventional/weapon08-79a176abf6.lh",
  "scenes/Conventional/wudi.lh": "scenes/Conventional/wudi-e4df82de02.lh",
  "scenes/game.js": "scenes/game-d41d8cd98f.js",
  "share/1.png": "share/1-22b8afc119.png",
  "shop.json": "shop-59799a8eef.json",
  "shop_tanchuan.json": "shop_tanchuan-26231e233a.json",
  "sounds/accelerators.mp3": "sounds/accelerators-17cf7b39f2.mp3",
  "sounds/bazookahit.mp3": "sounds/bazookahit-a28a9ebd1d.mp3",
  "sounds/bazookashoot.mp3": "sounds/bazookashoot-7ace8744d1.mp3",
  "sounds/blast.mp3": "sounds/blast-2c0542a41c.mp3",
  "sounds/button1.mp3": "sounds/button1-bd6e2b3a87.mp3",
  "sounds/carexplosion.mp3": "sounds/carexplosion-47cdec3638.mp3",
  "sounds/citybg.mp3": "sounds/citybg-ad9af8103a.mp3",
  "sounds/close.mp3": "sounds/close-7571b4d1bf.mp3",
  "sounds/dead.mp3": "sounds/dead-2963232868.mp3",
  "sounds/fail.mp3": "sounds/fail-2b23b7084d.mp3",
  "sounds/fashepaodan.mp3": "sounds/fashepaodan-71eee35236.mp3",
  "sounds/game.js": "sounds/game-d41d8cd98f.js",
  "sounds/getdiamond.mp3": "sounds/getdiamond-bec786faf6.mp3",
  "sounds/hurt.mp3": "sounds/hurt-91885ccc90.mp3",
  "sounds/kick.mp3": "sounds/kick-9243deb002.mp3",
  "sounds/levelgetcoin.mp3": "sounds/levelgetcoin-3e25422317.mp3",
  "sounds/levelup.mp3": "sounds/levelup-b7c9f158d3.mp3",
  "sounds/main.js": "sounds/main-d41d8cd98f.js",
  "sounds/mainbg.mp3": "sounds/mainbg-94e6ddb7d2.mp3",
  "sounds/motorcollision.mp3": "sounds/motorcollision-3083606d93.mp3",
  "sounds/succeed.mp3": "sounds/succeed-9ad8e5aa56.mp3",
  "tongyong_tangchuan1.json": "tongyong_tangchuan1-35a5c9792b.json",
  "tongyong_tangchuan2.json": "tongyong_tangchuan2-9ba92f745b.json",
  "tongyong_tangchuan3.json": "tongyong_tangchuan3-152e8dc001.json",
  "unpack.json": "unpack-95de9b70fb.json",
  "view/MoonBoxDouble.json": "view/MoonBoxDouble-668c7ce423.json",
  "view/MoonCollectAnd.json": "view/MoonCollectAnd-31ec54d0ba.json",
  "view/MoonCollectiOS.json": "view/MoonCollectiOS-6a8d3197b7.json",
  "view/MoonExchange.json": "view/MoonExchange-54f472523e.json",
  "view/MoonGame.json": "view/MoonGame-3b47bd554d.json",
  "view/MoonGameBox.json": "view/MoonGameBox-a233cf5733.json",
  "view/MoonGameSideBar.json": "view/MoonGameSideBar-8cbab53bba.json",
  "view/MoonGetSkin.json": "view/MoonGetSkin-ce4d6c9a7b.json",
  "view/MoonGuideGestureView.json": "view/MoonGuideGestureView-967d8c0e55.json",
  "view/MoonIndex.json": "view/MoonIndex-eaf10a3565.json",
  "view/MoonInvite.json": "view/MoonInvite-9b50da0a34.json",
  "view/MoonLevel.json": "view/MoonLevel-4aa234a496.json",
  "view/MoonLevelShow.json": "view/MoonLevelShow-dca23a5e86.json",
  "view/MoonLuckyDraw.json": "view/MoonLuckyDraw-f2f95665bd.json",
  "view/MoonMainAd.json": "view/MoonMainAd-7ea971cde7.json",
  "view/MoonOffLine.json": "view/MoonOffLine-997e3fe207.json",
  "view/MoonRank.json": "view/MoonRank-f9169d0e16.json",
  "view/MoonResultPanel.json": "view/MoonResultPanel-e8def7d797.json",
  "view/MoonResults.json": "view/MoonResults-82115e6e5a.json",
  "view/MoonResults2.json": "view/MoonResults2-a3d591249e.json",
  "view/MoonReviveOne.json": "view/MoonReviveOne-404c262f98.json",
  "view/MoonReviveTwo.json": "view/MoonReviveTwo-ec36da2c66.json",
  "view/MoonService.json": "view/MoonService-449afd9fb7.json",
  "view/MoonSignin.json": "view/MoonSignin-021785a39f.json",
  "view/MoonSkin.json": "view/MoonSkin-727dc51ca1.json",
  "view/MoonSkinTip.json": "view/MoonSkinTip-31d4d753be.json",
  "view/MoonSupply.json": "view/MoonSupply-ecece3d562.json",
  "view/MoonTip.json": "view/MoonTip-51ed501d6c.json",
  "view/MoonTopBar.json": "view/MoonTopBar-51b3e22588.json",
  "view/UnlockInfo.json": "view/UnlockInfo-b85fcd99b9.json",
  "wxlocal/MoonConfirm.json": "wxlocal/MoonConfirm-c66daba4bb.json",
  "wxlocal/MoonLoading.json": "wxlocal/MoonLoading-a2e7ebe15f.json",
  "wxlocal/Start.json": "wxlocal/Start-1d5b2762bf.json",
  "wxlocal/bg0.png": "wxlocal/bg0-78cc8e9f50.png",
  "wxlocal/bg_l_01.jpg": "wxlocal/bg_l_01-2581113f74.jpg",
  "wxlocal/bg_l_01.png": "wxlocal/bg_l_01-7511dda754.png",
  "wxlocal/loadBar.png": "wxlocal/loadBar-4f58690775.png",
  "wxlocal/loadBg.png": "wxlocal/loadBg-0380d94035.png",
  "wxlocal/load_circle.png": "wxlocal/load_circle-dc9ba18ac8.png",
  "wxlocal/loadcricle.ani": "wxlocal/loadcricle-c2df5ad5f7.ani",
  "wxlocal/progress$bar.png": "wxlocal/progress$bar-c415949701.png",
  "wxlocal/progress.png": "wxlocal/progress-db3b032303.png"
}