{"type":"View","props":{"width":750,"top":0,"right":0,"left":0,"height":1334,"bottom":0},"compId":2,"child":[{"type":"Image","props":{"var":"img_bg","top":0,"skin":"wxlocal/bg0.png","right":0,"left":0,"bottom":0},"compId":4},{"type":"Image","props":{"var":"img_logo","top":300,"skin":"wxlocal/logo.png","scaleY":0.5,"scaleX":0.5,"centerX":0},"compId":8},{"type":"Box","props":{"var":"activity_box","right":0,"left":0,"height":480,"centerY":80},"compId":33},{"type":"Box","props":{"width":750,"height":200,"centerX":0,"bottom":260},"compId":19,"child":[{"type":"Image","props":{"width":463,"skin":"wxlocal/loadBg.png","sizeGrid":"0,1,0,1","height":18,"centerX":0,"bottom":0},"compId":13},{"type":"Image","props":{"width":463,"skin":"wxlocal/loadBar.png","sizeGrid":"0,1,0,1","height":18,"centerX":0,"bottom":0},"compId":15,"child":[{"type":"Image","props":{"width":463,"var":"bar","skin":"wxlocal/loadBar.png","sizeGrid":"0,1,0,1","renderType":"mask","height":18,"centerY":0,"centerX":0},"compId":16}]},{"type":"Text","props":{"y":145,"x":540,"var":"tPgs","valign":"middle","text":"100%","fontSize":25,"font":"Microsoft YaHei","color":"#000000","bold":true,"align":"center","runtime":"Laya.Text"},"compId":17},{"type":"Label","props":{"width":250,"var":"loadinglbl","valign":"middle","text":"加载中...","left":185,"fontSize":25,"font":"Microsoft YaHei","color":"#000000","bottom":30,"align":"left"},"compId":24},{"type":"Animation","props":{"y":157.5,"x":157,"var":"loadcricle","source":"wxlocal/loadcricle.ani","autoPlay":true},"compId":32}]},{"type":"Box","props":{"right":0,"left":0,"height":200,"bottom":0},"compId":27,"child":[{"type":"Label","props":{"wordWrap":false,"width":134,"valign":"top","text":"版本:","right":50,"overflow":"scroll","height":46,"fontSize":25,"font":"Microsoft YaHei","color":"#000000","bottom":10,"bold":true,"align":"left"},"compId":22},{"type":"Label","props":{"wordWrap":false,"width":107,"var":"version","valign":"top","text":"10","right":0,"overflow":"scroll","height":46,"fontSize":25,"font":"Microsoft YaHei","color":"#000000","bottom":10,"bold":true,"align":"left"},"compId":23},{"type":"Label","props":{"width":750,"valign":"middle","top":30,"text":"抵制不良游戏，拒绝盗版游戏。注意自我保护，谨防受骗上当。","fontSize":23,"color":"#000000","centerX":0,"align":"center"},"compId":25},{"type":"Label","props":{"width":750,"valign":"middle","top":65,"text":"适度游戏益脑，沉迷游戏伤身。合理安排时间，享受健康生活。","fontSize":23,"color":"#000000","centerX":0,"align":"center"},"compId":28}]}],"loadList":["wxlocal/bg0.png","wxlocal/logo.png","wxlocal/loadBg.png","wxlocal/loadBar.png","wxlocal/loadcricle.ani"],"loadList3D":[]}